TrialID,Category,ScenarioName,Verdict,IsFalsePositive,LatencyUs
1,COMPILATION,"Standard Go Clean Build",TRUSTED,false,0.0
2,COMPILATION,"Standard Go Clean Build",TRUSTED,false,0.0
3,COMPILATION,"Standard Go Clean Build",TRUSTED,false,0.0
4,COMPILATION,"Standard Go Clean Build",TRUSTED,false,0.0
5,COMPILATION,"Standard Go Clean Build",TRUSTED,false,0.0
6,COMPILATION,"Standard Go Clean Build",TRUSTED,false,0.0
7,COMPILATION,"Standard Go Clean Build",TRUSTED,false,0.0
8,COMPILATION,"Standard Go Clean Build",TRUSTED,false,0.0
9,COMPILATION,"Standard Go Clean Build",TRUSTED,false,0.0
10,COMPILATION,"Standard Go Clean Build",TRUSTED,false,0.0
11,COMPILATION,"Standard Go Clean Build",TRUSTED,false,0.0
12,COMPILATION,"Standard Go Clean Build",TRUSTED,false,0.0
13,COMPILATION,"Standard Go Clean Build",TRUSTED,false,0.0
14,COMPILATION,"Standard Go Clean Build",TRUSTED,false,0.0
15,COMPILATION,"Standard Go Clean Build",TRUSTED,false,0.0
16,COMPILATION,"Standard Go Clean Build",TRUSTED,false,0.0
17,COMPILATION,"Standard Go Clean Build",TRUSTED,false,0.0
18,COMPILATION,"Standard Go Clean Build",TRUSTED,false,0.0
19,COMPILATION,"Standard Go Clean Build",TRUSTED,false,0.0
20,COMPILATION,"Standard Go Clean Build",TRUSTED,false,0.0
21,COMPILATION,"Standard Go Clean Build",TRUSTED,false,0.0
22,COMPILATION,"Standard Go Clean Build",TRUSTED,false,0.0
23,COMPILATION,"Standard Go Clean Build",TRUSTED,false,0.0
24,COMPILATION,"Standard Go Clean Build",TRUSTED,false,0.0
25,COMPILATION,"Standard Go Clean Build",TRUSTED,false,0.0
26,COMPILATION,"Standard Go Clean Build",TRUSTED,false,0.0
27,COMPILATION,"Standard Go Clean Build",TRUSTED,false,0.0
28,COMPILATION,"Standard Go Clean Build",TRUSTED,false,0.0
29,COMPILATION,"Standard Go Clean Build",TRUSTED,false,0.0
30,COMPILATION,"Standard Go Clean Build",TRUSTED,false,0.0
31,COMPILATION,"Standard Go Clean Build",TRUSTED,false,0.0
32,COMPILATION,"Standard Go Clean Build",TRUSTED,false,0.0
33,COMPILATION,"Standard Go Clean Build",TRUSTED,false,0.0
34,COMPILATION,"Standard Go Clean Build",TRUSTED,false,0.0
35,COMPILATION,"Standard Go Clean Build",TRUSTED,false,0.0
36,COMPILATION,"Standard Go Clean Build",TRUSTED,false,530.5
37,COMPILATION,"Standard Go Clean Build",TRUSTED,false,0.0
38,COMPILATION,"Standard Go Clean Build",TRUSTED,false,0.0
39,COMPILATION,"Standard Go Clean Build",TRUSTED,false,0.0
40,COMPILATION,"Standard Go Clean Build",TRUSTED,false,0.0
41,COMPILATION,"Standard Go Clean Build",TRUSTED,false,0.0
42,COMPILATION,"Standard Go Clean Build",TRUSTED,false,0.0
43,COMPILATION,"Standard Go Clean Build",TRUSTED,false,0.0
44,COMPILATION,"Standard Go Clean Build",TRUSTED,false,0.0
45,COMPILATION,"Standard Go Clean Build",TRUSTED,false,0.0
46,COMPILATION,"Standard Go Clean Build",TRUSTED,false,0.0
47,COMPILATION,"Standard Go Clean Build",TRUSTED,false,0.0
48,COMPILATION,"Standard Go Clean Build",TRUSTED,false,0.0
49,COMPILATION,"Standard Go Clean Build",TRUSTED,false,0.0
50,COMPILATION,"Standard Go Clean Build",TRUSTED,false,0.0
51,COMPILATION,"Standard Go Clean Build",TRUSTED,false,0.0
52,COMPILATION,"Standard Go Clean Build",TRUSTED,false,0.0
53,COMPILATION,"Standard Go Clean Build",TRUSTED,false,0.0
54,COMPILATION,"Standard Go Clean Build",TRUSTED,false,0.0
55,COMPILATION,"Standard Go Clean Build",TRUSTED,false,0.0
56,COMPILATION,"Standard Go Clean Build",TRUSTED,false,0.0
57,COMPILATION,"Standard Go Clean Build",TRUSTED,false,0.0
58,COMPILATION,"Standard Go Clean Build",TRUSTED,false,0.0
59,COMPILATION,"Standard Go Clean Build",TRUSTED,false,0.0
60,COMPILATION,"Standard Go Clean Build",TRUSTED,false,0.0
61,COMPILATION,"Standard Go Clean Build",TRUSTED,false,0.0
62,COMPILATION,"Standard Go Clean Build",TRUSTED,false,0.0
63,COMPILATION,"Standard Go Clean Build",TRUSTED,false,0.0
64,COMPILATION,"Standard Go Clean Build",TRUSTED,false,0.0
65,COMPILATION,"Standard Go Clean Build",TRUSTED,false,0.0
66,COMPILATION,"Standard Go Clean Build",TRUSTED,false,0.0
67,COMPILATION,"Standard Go Clean Build",TRUSTED,false,0.0
68,COMPILATION,"Standard Go Clean Build",TRUSTED,false,0.0
69,COMPILATION,"Standard Go Clean Build",TRUSTED,false,0.0
70,COMPILATION,"Standard Go Clean Build",TRUSTED,false,0.0
71,COMPILATION,"Standard Go Clean Build",TRUSTED,false,0.0
72,COMPILATION,"Standard Go Clean Build",TRUSTED,false,0.0
73,COMPILATION,"Standard Go Clean Build",TRUSTED,false,509.4
74,COMPILATION,"Standard Go Clean Build",TRUSTED,false,0.0
75,COMPILATION,"Standard Go Clean Build",TRUSTED,false,0.0
76,COMPILATION,"Standard Go Clean Build",TRUSTED,false,0.0
77,COMPILATION,"Standard Go Clean Build",TRUSTED,false,0.0
78,COMPILATION,"Standard Go Clean Build",TRUSTED,false,0.0
79,COMPILATION,"Standard Go Clean Build",TRUSTED,false,0.0
80,COMPILATION,"Standard Go Clean Build",TRUSTED,false,0.0
81,COMPILATION,"Standard Go Clean Build",TRUSTED,false,0.0
82,COMPILATION,"Standard Go Clean Build",TRUSTED,false,0.0
83,COMPILATION,"Standard Go Clean Build",TRUSTED,false,0.0
84,COMPILATION,"Standard Go Clean Build",TRUSTED,false,0.0
85,COMPILATION,"Standard Go Clean Build",TRUSTED,false,0.0
86,COMPILATION,"Standard Go Clean Build",TRUSTED,false,0.0
87,COMPILATION,"Standard Go Clean Build",TRUSTED,false,0.0
88,COMPILATION,"Standard Go Clean Build",TRUSTED,false,0.0
89,COMPILATION,"Standard Go Clean Build",TRUSTED,false,0.0
90,COMPILATION,"Standard Go Clean Build",TRUSTED,false,0.0
91,COMPILATION,"Standard Go Clean Build",TRUSTED,false,0.0
92,COMPILATION,"Standard Go Clean Build",TRUSTED,false,0.0
93,COMPILATION,"Standard Go Clean Build",TRUSTED,false,0.0
94,COMPILATION,"Standard Go Clean Build",TRUSTED,false,0.0
95,COMPILATION,"Standard Go Clean Build",TRUSTED,false,0.0
96,COMPILATION,"Standard Go Clean Build",TRUSTED,false,0.0
97,COMPILATION,"Standard Go Clean Build",TRUSTED,false,0.0
98,COMPILATION,"Standard Go Clean Build",TRUSTED,false,0.0
99,COMPILATION,"Standard Go Clean Build",TRUSTED,false,0.0
100,COMPILATION,"Standard Go Clean Build",TRUSTED,false,0.0
101,GENERATED_FILES,"Declared Generated Unit Test Mocks",TRUSTED,false,0.0
102,GENERATED_FILES,"Declared Generated Unit Test Mocks",TRUSTED,false,0.0
103,GENERATED_FILES,"Declared Generated Unit Test Mocks",TRUSTED,false,0.0
104,GENERATED_FILES,"Declared Generated Unit Test Mocks",TRUSTED,false,0.0
105,GENERATED_FILES,"Declared Generated Unit Test Mocks",TRUSTED,false,0.0
106,GENERATED_FILES,"Declared Generated Unit Test Mocks",TRUSTED,false,0.0
107,GENERATED_FILES,"Declared Generated Unit Test Mocks",TRUSTED,false,0.0
108,GENERATED_FILES,"Declared Generated Unit Test Mocks",TRUSTED,false,0.0
109,GENERATED_FILES,"Declared Generated Unit Test Mocks",TRUSTED,false,522.1
110,GENERATED_FILES,"Declared Generated Unit Test Mocks",TRUSTED,false,0.0
111,GENERATED_FILES,"Declared Generated Unit Test Mocks",TRUSTED,false,0.0
112,GENERATED_FILES,"Declared Generated Unit Test Mocks",TRUSTED,false,0.0
113,GENERATED_FILES,"Declared Generated Unit Test Mocks",TRUSTED,false,0.0
114,GENERATED_FILES,"Declared Generated Unit Test Mocks",TRUSTED,false,0.0
115,GENERATED_FILES,"Declared Generated Unit Test Mocks",TRUSTED,false,0.0
116,GENERATED_FILES,"Declared Generated Unit Test Mocks",TRUSTED,false,0.0
117,GENERATED_FILES,"Declared Generated Unit Test Mocks",TRUSTED,false,0.0
118,GENERATED_FILES,"Declared Generated Unit Test Mocks",TRUSTED,false,0.0
119,GENERATED_FILES,"Declared Generated Unit Test Mocks",TRUSTED,false,0.0
120,GENERATED_FILES,"Declared Generated Unit Test Mocks",TRUSTED,false,0.0
121,GENERATED_FILES,"Declared Generated Unit Test Mocks",TRUSTED,false,0.0
122,GENERATED_FILES,"Declared Generated Unit Test Mocks",TRUSTED,false,0.0
123,GENERATED_FILES,"Declared Generated Unit Test Mocks",TRUSTED,false,0.0
124,GENERATED_FILES,"Declared Generated Unit Test Mocks",TRUSTED,false,0.0
125,GENERATED_FILES,"Declared Generated Unit Test Mocks",TRUSTED,false,0.0
126,GENERATED_FILES,"Declared Generated Unit Test Mocks",TRUSTED,false,0.0
127,GENERATED_FILES,"Declared Generated Unit Test Mocks",TRUSTED,false,0.0
128,GENERATED_FILES,"Declared Generated Unit Test Mocks",TRUSTED,false,0.0
129,GENERATED_FILES,"Declared Generated Unit Test Mocks",TRUSTED,false,0.0
130,GENERATED_FILES,"Declared Generated Unit Test Mocks",TRUSTED,false,0.0
131,GENERATED_FILES,"Declared Generated Unit Test Mocks",TRUSTED,false,0.0
132,GENERATED_FILES,"Declared Generated Unit Test Mocks",TRUSTED,false,0.0
133,GENERATED_FILES,"Declared Generated Unit Test Mocks",TRUSTED,false,0.0
134,GENERATED_FILES,"Declared Generated Unit Test Mocks",TRUSTED,false,0.0
135,GENERATED_FILES,"Declared Generated Unit Test Mocks",TRUSTED,false,0.0
136,GENERATED_FILES,"Declared Generated Unit Test Mocks",TRUSTED,false,0.0
137,GENERATED_FILES,"Declared Generated Unit Test Mocks",TRUSTED,false,0.0
138,GENERATED_FILES,"Declared Generated Unit Test Mocks",TRUSTED,false,0.0
139,GENERATED_FILES,"Declared Generated Unit Test Mocks",TRUSTED,false,0.0
140,GENERATED_FILES,"Declared Generated Unit Test Mocks",TRUSTED,false,0.0
141,GENERATED_FILES,"Declared Generated Unit Test Mocks",TRUSTED,false,510.4
142,GENERATED_FILES,"Declared Generated Unit Test Mocks",TRUSTED,false,0.0
143,GENERATED_FILES,"Declared Generated Unit Test Mocks",TRUSTED,false,0.0
144,GENERATED_FILES,"Declared Generated Unit Test Mocks",TRUSTED,false,0.0
145,GENERATED_FILES,"Declared Generated Unit Test Mocks",TRUSTED,false,0.0
146,GENERATED_FILES,"Declared Generated Unit Test Mocks",TRUSTED,false,0.0
147,GENERATED_FILES,"Declared Generated Unit Test Mocks",TRUSTED,false,0.0
148,GENERATED_FILES,"Declared Generated Unit Test Mocks",TRUSTED,false,0.0
149,GENERATED_FILES,"Declared Generated Unit Test Mocks",TRUSTED,false,0.0
150,GENERATED_FILES,"Declared Generated Unit Test Mocks",TRUSTED,false,0.0
151,GENERATED_FILES,"Declared Generated Unit Test Mocks",TRUSTED,false,0.0
152,GENERATED_FILES,"Declared Generated Unit Test Mocks",TRUSTED,false,0.0
153,GENERATED_FILES,"Declared Generated Unit Test Mocks",TRUSTED,false,0.0
154,GENERATED_FILES,"Declared Generated Unit Test Mocks",TRUSTED,false,0.0
155,GENERATED_FILES,"Declared Generated Unit Test Mocks",TRUSTED,false,0.0
156,GENERATED_FILES,"Declared Generated Unit Test Mocks",TRUSTED,false,0.0
157,GENERATED_FILES,"Declared Generated Unit Test Mocks",TRUSTED,false,0.0
158,GENERATED_FILES,"Declared Generated Unit Test Mocks",TRUSTED,false,0.0
159,GENERATED_FILES,"Declared Generated Unit Test Mocks",TRUSTED,false,0.0
160,GENERATED_FILES,"Declared Generated Unit Test Mocks",TRUSTED,false,0.0
161,GENERATED_FILES,"Declared Generated Unit Test Mocks",TRUSTED,false,0.0
162,GENERATED_FILES,"Declared Generated Unit Test Mocks",TRUSTED,false,0.0
163,GENERATED_FILES,"Declared Generated Unit Test Mocks",TRUSTED,false,0.0
164,GENERATED_FILES,"Declared Generated Unit Test Mocks",TRUSTED,false,0.0
165,GENERATED_FILES,"Declared Generated Unit Test Mocks",TRUSTED,false,0.0
166,GENERATED_FILES,"Declared Generated Unit Test Mocks",TRUSTED,false,0.0
167,GENERATED_FILES,"Declared Generated Unit Test Mocks",TRUSTED,false,0.0
168,GENERATED_FILES,"Declared Generated Unit Test Mocks",TRUSTED,false,0.0
169,GENERATED_FILES,"Declared Generated Unit Test Mocks",TRUSTED,false,0.0
170,GENERATED_FILES,"Declared Generated Unit Test Mocks",TRUSTED,false,0.0
171,GENERATED_FILES,"Declared Generated Unit Test Mocks",TRUSTED,false,0.0
172,GENERATED_FILES,"Declared Generated Unit Test Mocks",TRUSTED,false,0.0
173,GENERATED_FILES,"Declared Generated Unit Test Mocks",TRUSTED,false,0.0
174,GENERATED_FILES,"Declared Generated Unit Test Mocks",TRUSTED,false,0.0
175,GENERATED_FILES,"Declared Generated Unit Test Mocks",TRUSTED,false,514.9
176,GENERATED_FILES,"Declared Generated Unit Test Mocks",TRUSTED,false,0.0
177,GENERATED_FILES,"Declared Generated Unit Test Mocks",TRUSTED,false,0.0
178,GENERATED_FILES,"Declared Generated Unit Test Mocks",TRUSTED,false,0.0
179,GENERATED_FILES,"Declared Generated Unit Test Mocks",TRUSTED,false,0.0
180,GENERATED_FILES,"Declared Generated Unit Test Mocks",TRUSTED,false,0.0
181,GENERATED_FILES,"Declared Generated Unit Test Mocks",TRUSTED,false,0.0
182,GENERATED_FILES,"Declared Generated Unit Test Mocks",TRUSTED,false,0.0
183,GENERATED_FILES,"Declared Generated Unit Test Mocks",TRUSTED,false,0.0
184,GENERATED_FILES,"Declared Generated Unit Test Mocks",TRUSTED,false,0.0
185,GENERATED_FILES,"Declared Generated Unit Test Mocks",TRUSTED,false,0.0
186,GENERATED_FILES,"Declared Generated Unit Test Mocks",TRUSTED,false,0.0
187,GENERATED_FILES,"Declared Generated Unit Test Mocks",TRUSTED,false,0.0
188,GENERATED_FILES,"Declared Generated Unit Test Mocks",TRUSTED,false,0.0
189,GENERATED_FILES,"Declared Generated Unit Test Mocks",TRUSTED,false,0.0
190,GENERATED_FILES,"Declared Generated Unit Test Mocks",TRUSTED,false,0.0
191,GENERATED_FILES,"Declared Generated Unit Test Mocks",TRUSTED,false,0.0
192,GENERATED_FILES,"Declared Generated Unit Test Mocks",TRUSTED,false,0.0
193,GENERATED_FILES,"Declared Generated Unit Test Mocks",TRUSTED,false,0.0
194,GENERATED_FILES,"Declared Generated Unit Test Mocks",TRUSTED,false,0.0
195,GENERATED_FILES,"Declared Generated Unit Test Mocks",TRUSTED,false,0.0
196,GENERATED_FILES,"Declared Generated Unit Test Mocks",TRUSTED,false,0.0
197,GENERATED_FILES,"Declared Generated Unit Test Mocks",TRUSTED,false,0.0
198,GENERATED_FILES,"Declared Generated Unit Test Mocks",TRUSTED,false,0.0
199,GENERATED_FILES,"Declared Generated Unit Test Mocks",TRUSTED,false,0.0
200,GENERATED_FILES,"Declared Generated Unit Test Mocks",TRUSTED,false,0.0
201,GENERATED_FILES,"Automated API Documentation Generator",TRUSTED,false,0.0
202,GENERATED_FILES,"Automated API Documentation Generator",TRUSTED,false,0.0
203,GENERATED_FILES,"Automated API Documentation Generator",TRUSTED,false,0.0
204,GENERATED_FILES,"Automated API Documentation Generator",TRUSTED,false,0.0
205,GENERATED_FILES,"Automated API Documentation Generator",TRUSTED,false,0.0
206,GENERATED_FILES,"Automated API Documentation Generator",TRUSTED,false,0.0
207,GENERATED_FILES,"Automated API Documentation Generator",TRUSTED,false,0.0
208,GENERATED_FILES,"Automated API Documentation Generator",TRUSTED,false,522.5
209,GENERATED_FILES,"Automated API Documentation Generator",TRUSTED,false,0.0
210,GENERATED_FILES,"Automated API Documentation Generator",TRUSTED,false,0.0
211,GENERATED_FILES,"Automated API Documentation Generator",TRUSTED,false,0.0
212,GENERATED_FILES,"Automated API Documentation Generator",TRUSTED,false,0.0
213,GENERATED_FILES,"Automated API Documentation Generator",TRUSTED,false,0.0
214,GENERATED_FILES,"Automated API Documentation Generator",TRUSTED,false,0.0
215,GENERATED_FILES,"Automated API Documentation Generator",TRUSTED,false,0.0
216,GENERATED_FILES,"Automated API Documentation Generator",TRUSTED,false,0.0
217,GENERATED_FILES,"Automated API Documentation Generator",TRUSTED,false,0.0
218,GENERATED_FILES,"Automated API Documentation Generator",TRUSTED,false,0.0
219,GENERATED_FILES,"Automated API Documentation Generator",TRUSTED,false,0.0
220,GENERATED_FILES,"Automated API Documentation Generator",TRUSTED,false,0.0
221,GENERATED_FILES,"Automated API Documentation Generator",TRUSTED,false,0.0
222,GENERATED_FILES,"Automated API Documentation Generator",TRUSTED,false,0.0
223,GENERATED_FILES,"Automated API Documentation Generator",TRUSTED,false,0.0
224,GENERATED_FILES,"Automated API Documentation Generator",TRUSTED,false,0.0
225,GENERATED_FILES,"Automated API Documentation Generator",TRUSTED,false,0.0
226,GENERATED_FILES,"Automated API Documentation Generator",TRUSTED,false,0.0
227,GENERATED_FILES,"Automated API Documentation Generator",TRUSTED,false,0.0
228,GENERATED_FILES,"Automated API Documentation Generator",TRUSTED,false,0.0
229,GENERATED_FILES,"Automated API Documentation Generator",TRUSTED,false,0.0
230,GENERATED_FILES,"Automated API Documentation Generator",TRUSTED,false,0.0
231,GENERATED_FILES,"Automated API Documentation Generator",TRUSTED,false,0.0
232,GENERATED_FILES,"Automated API Documentation Generator",TRUSTED,false,0.0
233,GENERATED_FILES,"Automated API Documentation Generator",TRUSTED,false,0.0
234,GENERATED_FILES,"Automated API Documentation Generator",TRUSTED,false,0.0
235,GENERATED_FILES,"Automated API Documentation Generator",TRUSTED,false,0.0
236,GENERATED_FILES,"Automated API Documentation Generator",TRUSTED,false,0.0
237,GENERATED_FILES,"Automated API Documentation Generator",TRUSTED,false,0.0
238,GENERATED_FILES,"Automated API Documentation Generator",TRUSTED,false,0.0
239,GENERATED_FILES,"Automated API Documentation Generator",TRUSTED,false,0.0
240,GENERATED_FILES,"Automated API Documentation Generator",TRUSTED,false,521.1
241,GENERATED_FILES,"Automated API Documentation Generator",TRUSTED,false,0.0
242,GENERATED_FILES,"Automated API Documentation Generator",TRUSTED,false,0.0
243,GENERATED_FILES,"Automated API Documentation Generator",TRUSTED,false,0.0
244,GENERATED_FILES,"Automated API Documentation Generator",TRUSTED,false,0.0
245,GENERATED_FILES,"Automated API Documentation Generator",TRUSTED,false,0.0
246,GENERATED_FILES,"Automated API Documentation Generator",TRUSTED,false,0.0
247,GENERATED_FILES,"Automated API Documentation Generator",TRUSTED,false,0.0
248,GENERATED_FILES,"Automated API Documentation Generator",TRUSTED,false,0.0
249,GENERATED_FILES,"Automated API Documentation Generator",TRUSTED,false,0.0
250,GENERATED_FILES,"Automated API Documentation Generator",TRUSTED,false,0.0
251,GENERATED_FILES,"Automated API Documentation Generator",TRUSTED,false,0.0
252,GENERATED_FILES,"Automated API Documentation Generator",TRUSTED,false,0.0
253,GENERATED_FILES,"Automated API Documentation Generator",TRUSTED,false,0.0
254,GENERATED_FILES,"Automated API Documentation Generator",TRUSTED,false,0.0
255,GENERATED_FILES,"Automated API Documentation Generator",TRUSTED,false,0.0
256,GENERATED_FILES,"Automated API Documentation Generator",TRUSTED,false,0.0
257,GENERATED_FILES,"Automated API Documentation Generator",TRUSTED,false,0.0
258,GENERATED_FILES,"Automated API Documentation Generator",TRUSTED,false,0.0
259,GENERATED_FILES,"Automated API Documentation Generator",TRUSTED,false,0.0
260,GENERATED_FILES,"Automated API Documentation Generator",TRUSTED,false,0.0
261,GENERATED_FILES,"Automated API Documentation Generator",TRUSTED,false,0.0
262,GENERATED_FILES,"Automated API Documentation Generator",TRUSTED,false,0.0
263,GENERATED_FILES,"Automated API Documentation Generator",TRUSTED,false,0.0
264,GENERATED_FILES,"Automated API Documentation Generator",TRUSTED,false,0.0
265,GENERATED_FILES,"Automated API Documentation Generator",TRUSTED,false,0.0
266,GENERATED_FILES,"Automated API Documentation Generator",TRUSTED,false,0.0
267,GENERATED_FILES,"Automated API Documentation Generator",TRUSTED,false,0.0
268,GENERATED_FILES,"Automated API Documentation Generator",TRUSTED,false,0.0
269,GENERATED_FILES,"Automated API Documentation Generator",TRUSTED,false,0.0
270,GENERATED_FILES,"Automated API Documentation Generator",TRUSTED,false,0.0
271,GENERATED_FILES,"Automated API Documentation Generator",TRUSTED,false,521.2
272,GENERATED_FILES,"Automated API Documentation Generator",TRUSTED,false,0.0
273,GENERATED_FILES,"Automated API Documentation Generator",TRUSTED,false,0.0
274,GENERATED_FILES,"Automated API Documentation Generator",TRUSTED,false,0.0
275,GENERATED_FILES,"Automated API Documentation Generator",TRUSTED,false,0.0
276,GENERATED_FILES,"Automated API Documentation Generator",TRUSTED,false,0.0
277,GENERATED_FILES,"Automated API Documentation Generator",TRUSTED,false,0.0
278,GENERATED_FILES,"Automated API Documentation Generator",TRUSTED,false,0.0
279,GENERATED_FILES,"Automated API Documentation Generator",TRUSTED,false,0.0
280,GENERATED_FILES,"Automated API Documentation Generator",TRUSTED,false,0.0
281,GENERATED_FILES,"Automated API Documentation Generator",TRUSTED,false,0.0
282,GENERATED_FILES,"Automated API Documentation Generator",TRUSTED,false,0.0
283,GENERATED_FILES,"Automated API Documentation Generator",TRUSTED,false,0.0
284,GENERATED_FILES,"Automated API Documentation Generator",TRUSTED,false,0.0
285,GENERATED_FILES,"Automated API Documentation Generator",TRUSTED,false,0.0
286,GENERATED_FILES,"Automated API Documentation Generator",TRUSTED,false,0.0
287,GENERATED_FILES,"Automated API Documentation Generator",TRUSTED,false,0.0
288,GENERATED_FILES,"Automated API Documentation Generator",TRUSTED,false,0.0
289,GENERATED_FILES,"Automated API Documentation Generator",TRUSTED,false,0.0
290,GENERATED_FILES,"Automated API Documentation Generator",TRUSTED,false,0.0
291,GENERATED_FILES,"Automated API Documentation Generator",TRUSTED,false,0.0
292,GENERATED_FILES,"Automated API Documentation Generator",TRUSTED,false,0.0
293,GENERATED_FILES,"Automated API Documentation Generator",TRUSTED,false,0.0
294,GENERATED_FILES,"Automated API Documentation Generator",TRUSTED,false,0.0
295,GENERATED_FILES,"Automated API Documentation Generator",TRUSTED,false,0.0
296,GENERATED_FILES,"Automated API Documentation Generator",TRUSTED,false,0.0
297,GENERATED_FILES,"Automated API Documentation Generator",TRUSTED,false,0.0
298,GENERATED_FILES,"Automated API Documentation Generator",TRUSTED,false,0.0
299,GENERATED_FILES,"Automated API Documentation Generator",TRUSTED,false,0.0
300,GENERATED_FILES,"Automated API Documentation Generator",TRUSTED,false,0.0
301,EXECUTION,"Compiler Build Cache Hit (Sub-50ms)",TRUSTED,false,0.0
302,EXECUTION,"Compiler Build Cache Hit (Sub-50ms)",TRUSTED,false,0.0
303,EXECUTION,"Compiler Build Cache Hit (Sub-50ms)",TRUSTED,false,0.0
304,EXECUTION,"Compiler Build Cache Hit (Sub-50ms)",TRUSTED,false,0.0
305,EXECUTION,"Compiler Build Cache Hit (Sub-50ms)",TRUSTED,false,0.0
306,EXECUTION,"Compiler Build Cache Hit (Sub-50ms)",TRUSTED,false,0.0
307,EXECUTION,"Compiler Build Cache Hit (Sub-50ms)",TRUSTED,false,0.0
308,EXECUTION,"Compiler Build Cache Hit (Sub-50ms)",TRUSTED,false,516.9
309,EXECUTION,"Compiler Build Cache Hit (Sub-50ms)",TRUSTED,false,0.0
310,EXECUTION,"Compiler Build Cache Hit (Sub-50ms)",TRUSTED,false,0.0
311,EXECUTION,"Compiler Build Cache Hit (Sub-50ms)",TRUSTED,false,0.0
312,EXECUTION,"Compiler Build Cache Hit (Sub-50ms)",TRUSTED,false,0.0
313,EXECUTION,"Compiler Build Cache Hit (Sub-50ms)",TRUSTED,false,0.0
314,EXECUTION,"Compiler Build Cache Hit (Sub-50ms)",TRUSTED,false,0.0
315,EXECUTION,"Compiler Build Cache Hit (Sub-50ms)",TRUSTED,false,0.0
316,EXECUTION,"Compiler Build Cache Hit (Sub-50ms)",TRUSTED,false,0.0
317,EXECUTION,"Compiler Build Cache Hit (Sub-50ms)",TRUSTED,false,0.0
318,EXECUTION,"Compiler Build Cache Hit (Sub-50ms)",TRUSTED,false,0.0
319,EXECUTION,"Compiler Build Cache Hit (Sub-50ms)",TRUSTED,false,0.0
320,EXECUTION,"Compiler Build Cache Hit (Sub-50ms)",TRUSTED,false,0.0
321,EXECUTION,"Compiler Build Cache Hit (Sub-50ms)",TRUSTED,false,0.0
322,EXECUTION,"Compiler Build Cache Hit (Sub-50ms)",TRUSTED,false,0.0
323,EXECUTION,"Compiler Build Cache Hit (Sub-50ms)",TRUSTED,false,0.0
324,EXECUTION,"Compiler Build Cache Hit (Sub-50ms)",TRUSTED,false,0.0
325,EXECUTION,"Compiler Build Cache Hit (Sub-50ms)",TRUSTED,false,0.0
326,EXECUTION,"Compiler Build Cache Hit (Sub-50ms)",TRUSTED,false,0.0
327,EXECUTION,"Compiler Build Cache Hit (Sub-50ms)",TRUSTED,false,0.0
328,EXECUTION,"Compiler Build Cache Hit (Sub-50ms)",TRUSTED,false,0.0
329,EXECUTION,"Compiler Build Cache Hit (Sub-50ms)",TRUSTED,false,0.0
330,EXECUTION,"Compiler Build Cache Hit (Sub-50ms)",TRUSTED,false,0.0
331,EXECUTION,"Compiler Build Cache Hit (Sub-50ms)",TRUSTED,false,0.0
332,EXECUTION,"Compiler Build Cache Hit (Sub-50ms)",TRUSTED,false,0.0
333,EXECUTION,"Compiler Build Cache Hit (Sub-50ms)",TRUSTED,false,0.0
334,EXECUTION,"Compiler Build Cache Hit (Sub-50ms)",TRUSTED,false,0.0
335,EXECUTION,"Compiler Build Cache Hit (Sub-50ms)",TRUSTED,false,0.0
336,EXECUTION,"Compiler Build Cache Hit (Sub-50ms)",TRUSTED,false,0.0
337,EXECUTION,"Compiler Build Cache Hit (Sub-50ms)",TRUSTED,false,0.0
338,EXECUTION,"Compiler Build Cache Hit (Sub-50ms)",TRUSTED,false,0.0
339,EXECUTION,"Compiler Build Cache Hit (Sub-50ms)",TRUSTED,false,0.0
340,EXECUTION,"Compiler Build Cache Hit (Sub-50ms)",TRUSTED,false,0.0
341,EXECUTION,"Compiler Build Cache Hit (Sub-50ms)",TRUSTED,false,0.0
342,EXECUTION,"Compiler Build Cache Hit (Sub-50ms)",TRUSTED,false,0.0
343,EXECUTION,"Compiler Build Cache Hit (Sub-50ms)",TRUSTED,false,0.0
344,EXECUTION,"Compiler Build Cache Hit (Sub-50ms)",TRUSTED,false,0.0
345,EXECUTION,"Compiler Build Cache Hit (Sub-50ms)",TRUSTED,false,0.0
346,EXECUTION,"Compiler Build Cache Hit (Sub-50ms)",TRUSTED,false,0.0
347,EXECUTION,"Compiler Build Cache Hit (Sub-50ms)",TRUSTED,false,0.0
348,EXECUTION,"Compiler Build Cache Hit (Sub-50ms)",TRUSTED,false,0.0
349,EXECUTION,"Compiler Build Cache Hit (Sub-50ms)",TRUSTED,false,0.0
350,EXECUTION,"Compiler Build Cache Hit (Sub-50ms)",TRUSTED,false,0.0
351,EXECUTION,"Compiler Build Cache Hit (Sub-50ms)",TRUSTED,false,0.0
352,EXECUTION,"Compiler Build Cache Hit (Sub-50ms)",TRUSTED,false,0.0
353,EXECUTION,"Compiler Build Cache Hit (Sub-50ms)",TRUSTED,false,0.0
354,EXECUTION,"Compiler Build Cache Hit (Sub-50ms)",TRUSTED,false,0.0
355,EXECUTION,"Compiler Build Cache Hit (Sub-50ms)",TRUSTED,false,0.0
356,EXECUTION,"Compiler Build Cache Hit (Sub-50ms)",TRUSTED,false,0.0
357,EXECUTION,"Compiler Build Cache Hit (Sub-50ms)",TRUSTED,false,0.0
358,EXECUTION,"Compiler Build Cache Hit (Sub-50ms)",TRUSTED,false,519.2
359,EXECUTION,"Compiler Build Cache Hit (Sub-50ms)",TRUSTED,false,0.0
360,EXECUTION,"Compiler Build Cache Hit (Sub-50ms)",TRUSTED,false,0.0
361,EXECUTION,"Compiler Build Cache Hit (Sub-50ms)",TRUSTED,false,0.0
362,EXECUTION,"Compiler Build Cache Hit (Sub-50ms)",TRUSTED,false,0.0
363,EXECUTION,"Compiler Build Cache Hit (Sub-50ms)",TRUSTED,false,0.0
364,EXECUTION,"Compiler Build Cache Hit (Sub-50ms)",TRUSTED,false,0.0
365,EXECUTION,"Compiler Build Cache Hit (Sub-50ms)",TRUSTED,false,0.0
366,EXECUTION,"Compiler Build Cache Hit (Sub-50ms)",TRUSTED,false,0.0
367,EXECUTION,"Compiler Build Cache Hit (Sub-50ms)",TRUSTED,false,0.0
368,EXECUTION,"Compiler Build Cache Hit (Sub-50ms)",TRUSTED,false,0.0
369,EXECUTION,"Compiler Build Cache Hit (Sub-50ms)",TRUSTED,false,0.0
370,EXECUTION,"Compiler Build Cache Hit (Sub-50ms)",TRUSTED,false,0.0
371,EXECUTION,"Compiler Build Cache Hit (Sub-50ms)",TRUSTED,false,0.0
372,EXECUTION,"Compiler Build Cache Hit (Sub-50ms)",TRUSTED,false,0.0
373,EXECUTION,"Compiler Build Cache Hit (Sub-50ms)",TRUSTED,false,0.0
374,EXECUTION,"Compiler Build Cache Hit (Sub-50ms)",TRUSTED,false,0.0
375,EXECUTION,"Compiler Build Cache Hit (Sub-50ms)",TRUSTED,false,0.0
376,EXECUTION,"Compiler Build Cache Hit (Sub-50ms)",TRUSTED,false,0.0
377,EXECUTION,"Compiler Build Cache Hit (Sub-50ms)",TRUSTED,false,0.0
378,EXECUTION,"Compiler Build Cache Hit (Sub-50ms)",TRUSTED,false,0.0
379,EXECUTION,"Compiler Build Cache Hit (Sub-50ms)",TRUSTED,false,0.0
380,EXECUTION,"Compiler Build Cache Hit (Sub-50ms)",TRUSTED,false,0.0
381,EXECUTION,"Compiler Build Cache Hit (Sub-50ms)",TRUSTED,false,0.0
382,EXECUTION,"Compiler Build Cache Hit (Sub-50ms)",TRUSTED,false,0.0
383,EXECUTION,"Compiler Build Cache Hit (Sub-50ms)",TRUSTED,false,0.0
384,EXECUTION,"Compiler Build Cache Hit (Sub-50ms)",TRUSTED,false,0.0
385,EXECUTION,"Compiler Build Cache Hit (Sub-50ms)",TRUSTED,false,0.0
386,EXECUTION,"Compiler Build Cache Hit (Sub-50ms)",TRUSTED,false,0.0
387,EXECUTION,"Compiler Build Cache Hit (Sub-50ms)",TRUSTED,false,0.0
388,EXECUTION,"Compiler Build Cache Hit (Sub-50ms)",TRUSTED,false,0.0
389,EXECUTION,"Compiler Build Cache Hit (Sub-50ms)",TRUSTED,false,0.0
390,EXECUTION,"Compiler Build Cache Hit (Sub-50ms)",TRUSTED,false,0.0
391,EXECUTION,"Compiler Build Cache Hit (Sub-50ms)",TRUSTED,false,0.0
392,EXECUTION,"Compiler Build Cache Hit (Sub-50ms)",TRUSTED,false,0.0
393,EXECUTION,"Compiler Build Cache Hit (Sub-50ms)",TRUSTED,false,0.0
394,EXECUTION,"Compiler Build Cache Hit (Sub-50ms)",TRUSTED,false,0.0
395,EXECUTION,"Compiler Build Cache Hit (Sub-50ms)",TRUSTED,false,0.0
396,EXECUTION,"Compiler Build Cache Hit (Sub-50ms)",TRUSTED,false,0.0
397,EXECUTION,"Compiler Build Cache Hit (Sub-50ms)",TRUSTED,false,0.0
398,EXECUTION,"Compiler Build Cache Hit (Sub-50ms)",TRUSTED,false,0.0
399,EXECUTION,"Compiler Build Cache Hit (Sub-50ms)",TRUSTED,false,0.0
400,EXECUTION,"Compiler Build Cache Hit (Sub-50ms)",TRUSTED,false,0.0
401,FILESYSTEM,"Standard OS %TEMP% Allocation",TRUSTED,false,0.0
402,FILESYSTEM,"Standard OS %TEMP% Allocation",TRUSTED,false,0.0
403,FILESYSTEM,"Standard OS %TEMP% Allocation",TRUSTED,false,0.0
404,FILESYSTEM,"Standard OS %TEMP% Allocation",TRUSTED,false,0.0
405,FILESYSTEM,"Standard OS %TEMP% Allocation",TRUSTED,false,0.0
406,FILESYSTEM,"Standard OS %TEMP% Allocation",TRUSTED,false,0.0
407,FILESYSTEM,"Standard OS %TEMP% Allocation",TRUSTED,false,0.0
408,FILESYSTEM,"Standard OS %TEMP% Allocation",TRUSTED,false,0.0
409,FILESYSTEM,"Standard OS %TEMP% Allocation",TRUSTED,false,0.0
410,FILESYSTEM,"Standard OS %TEMP% Allocation",TRUSTED,false,0.0
411,FILESYSTEM,"Standard OS %TEMP% Allocation",TRUSTED,false,521.3
412,FILESYSTEM,"Standard OS %TEMP% Allocation",TRUSTED,false,0.0
413,FILESYSTEM,"Standard OS %TEMP% Allocation",TRUSTED,false,0.0
414,FILESYSTEM,"Standard OS %TEMP% Allocation",TRUSTED,false,0.0
415,FILESYSTEM,"Standard OS %TEMP% Allocation",TRUSTED,false,0.0
416,FILESYSTEM,"Standard OS %TEMP% Allocation",TRUSTED,false,0.0
417,FILESYSTEM,"Standard OS %TEMP% Allocation",TRUSTED,false,0.0
418,FILESYSTEM,"Standard OS %TEMP% Allocation",TRUSTED,false,0.0
419,FILESYSTEM,"Standard OS %TEMP% Allocation",TRUSTED,false,0.0
420,FILESYSTEM,"Standard OS %TEMP% Allocation",TRUSTED,false,0.0
421,FILESYSTEM,"Standard OS %TEMP% Allocation",TRUSTED,false,0.0
422,FILESYSTEM,"Standard OS %TEMP% Allocation",TRUSTED,false,0.0
423,FILESYSTEM,"Standard OS %TEMP% Allocation",TRUSTED,false,0.0
424,FILESYSTEM,"Standard OS %TEMP% Allocation",TRUSTED,false,0.0
425,FILESYSTEM,"Standard OS %TEMP% Allocation",TRUSTED,false,0.0
426,FILESYSTEM,"Standard OS %TEMP% Allocation",TRUSTED,false,0.0
427,FILESYSTEM,"Standard OS %TEMP% Allocation",TRUSTED,false,0.0
428,FILESYSTEM,"Standard OS %TEMP% Allocation",TRUSTED,false,0.0
429,FILESYSTEM,"Standard OS %TEMP% Allocation",TRUSTED,false,0.0
430,FILESYSTEM,"Standard OS %TEMP% Allocation",TRUSTED,false,0.0
431,FILESYSTEM,"Standard OS %TEMP% Allocation",TRUSTED,false,0.0
432,FILESYSTEM,"Standard OS %TEMP% Allocation",TRUSTED,false,0.0
433,FILESYSTEM,"Standard OS %TEMP% Allocation",TRUSTED,false,0.0
434,FILESYSTEM,"Standard OS %TEMP% Allocation",TRUSTED,false,0.0
435,FILESYSTEM,"Standard OS %TEMP% Allocation",TRUSTED,false,0.0
436,FILESYSTEM,"Standard OS %TEMP% Allocation",TRUSTED,false,0.0
437,FILESYSTEM,"Standard OS %TEMP% Allocation",TRUSTED,false,0.0
438,FILESYSTEM,"Standard OS %TEMP% Allocation",TRUSTED,false,0.0
439,FILESYSTEM,"Standard OS %TEMP% Allocation",TRUSTED,false,0.0
440,FILESYSTEM,"Standard OS %TEMP% Allocation",TRUSTED,false,0.0
441,FILESYSTEM,"Standard OS %TEMP% Allocation",TRUSTED,false,0.0
442,FILESYSTEM,"Standard OS %TEMP% Allocation",TRUSTED,false,0.0
443,FILESYSTEM,"Standard OS %TEMP% Allocation",TRUSTED,false,0.0
444,FILESYSTEM,"Standard OS %TEMP% Allocation",TRUSTED,false,0.0
445,FILESYSTEM,"Standard OS %TEMP% Allocation",TRUSTED,false,0.0
446,FILESYSTEM,"Standard OS %TEMP% Allocation",TRUSTED,false,0.0
447,FILESYSTEM,"Standard OS %TEMP% Allocation",TRUSTED,false,0.0
448,FILESYSTEM,"Standard OS %TEMP% Allocation",TRUSTED,false,0.0
449,FILESYSTEM,"Standard OS %TEMP% Allocation",TRUSTED,false,0.0
450,FILESYSTEM,"Standard OS %TEMP% Allocation",TRUSTED,false,0.0
451,FILESYSTEM,"Standard OS %TEMP% Allocation",TRUSTED,false,0.0
452,FILESYSTEM,"Standard OS %TEMP% Allocation",TRUSTED,false,0.0
453,FILESYSTEM,"Standard OS %TEMP% Allocation",TRUSTED,false,0.0
454,FILESYSTEM,"Standard OS %TEMP% Allocation",TRUSTED,false,0.0
455,FILESYSTEM,"Standard OS %TEMP% Allocation",TRUSTED,false,0.0
456,FILESYSTEM,"Standard OS %TEMP% Allocation",TRUSTED,false,0.0
457,FILESYSTEM,"Standard OS %TEMP% Allocation",TRUSTED,false,0.0
458,FILESYSTEM,"Standard OS %TEMP% Allocation",TRUSTED,false,0.0
459,FILESYSTEM,"Standard OS %TEMP% Allocation",TRUSTED,false,0.0
460,FILESYSTEM,"Standard OS %TEMP% Allocation",TRUSTED,false,0.0
461,FILESYSTEM,"Standard OS %TEMP% Allocation",TRUSTED,false,0.0
462,FILESYSTEM,"Standard OS %TEMP% Allocation",TRUSTED,false,0.0
463,FILESYSTEM,"Standard OS %TEMP% Allocation",TRUSTED,false,0.0
464,FILESYSTEM,"Standard OS %TEMP% Allocation",TRUSTED,false,518.7
465,FILESYSTEM,"Standard OS %TEMP% Allocation",TRUSTED,false,0.0
466,FILESYSTEM,"Standard OS %TEMP% Allocation",TRUSTED,false,0.0
467,FILESYSTEM,"Standard OS %TEMP% Allocation",TRUSTED,false,0.0
468,FILESYSTEM,"Standard OS %TEMP% Allocation",TRUSTED,false,0.0
469,FILESYSTEM,"Standard OS %TEMP% Allocation",TRUSTED,false,0.0
470,FILESYSTEM,"Standard OS %TEMP% Allocation",TRUSTED,false,0.0
471,FILESYSTEM,"Standard OS %TEMP% Allocation",TRUSTED,false,0.0
472,FILESYSTEM,"Standard OS %TEMP% Allocation",TRUSTED,false,0.0
473,FILESYSTEM,"Standard OS %TEMP% Allocation",TRUSTED,false,0.0
474,FILESYSTEM,"Standard OS %TEMP% Allocation",TRUSTED,false,0.0
475,FILESYSTEM,"Standard OS %TEMP% Allocation",TRUSTED,false,0.0
476,FILESYSTEM,"Standard OS %TEMP% Allocation",TRUSTED,false,0.0
477,FILESYSTEM,"Standard OS %TEMP% Allocation",TRUSTED,false,0.0
478,FILESYSTEM,"Standard OS %TEMP% Allocation",TRUSTED,false,0.0
479,FILESYSTEM,"Standard OS %TEMP% Allocation",TRUSTED,false,0.0
480,FILESYSTEM,"Standard OS %TEMP% Allocation",TRUSTED,false,0.0
481,FILESYSTEM,"Standard OS %TEMP% Allocation",TRUSTED,false,0.0
482,FILESYSTEM,"Standard OS %TEMP% Allocation",TRUSTED,false,0.0
483,FILESYSTEM,"Standard OS %TEMP% Allocation",TRUSTED,false,0.0
484,FILESYSTEM,"Standard OS %TEMP% Allocation",TRUSTED,false,0.0
485,FILESYSTEM,"Standard OS %TEMP% Allocation",TRUSTED,false,0.0
486,FILESYSTEM,"Standard OS %TEMP% Allocation",TRUSTED,false,0.0
487,FILESYSTEM,"Standard OS %TEMP% Allocation",TRUSTED,false,0.0
488,FILESYSTEM,"Standard OS %TEMP% Allocation",TRUSTED,false,0.0
489,FILESYSTEM,"Standard OS %TEMP% Allocation",TRUSTED,false,0.0
490,FILESYSTEM,"Standard OS %TEMP% Allocation",TRUSTED,false,0.0
491,FILESYSTEM,"Standard OS %TEMP% Allocation",TRUSTED,false,0.0
492,FILESYSTEM,"Standard OS %TEMP% Allocation",TRUSTED,false,0.0
493,FILESYSTEM,"Standard OS %TEMP% Allocation",TRUSTED,false,0.0
494,FILESYSTEM,"Standard OS %TEMP% Allocation",TRUSTED,false,0.0
495,FILESYSTEM,"Standard OS %TEMP% Allocation",TRUSTED,false,0.0
496,FILESYSTEM,"Standard OS %TEMP% Allocation",TRUSTED,false,0.0
497,FILESYSTEM,"Standard OS %TEMP% Allocation",TRUSTED,false,0.0
498,FILESYSTEM,"Standard OS %TEMP% Allocation",TRUSTED,false,0.0
499,FILESYSTEM,"Standard OS %TEMP% Allocation",TRUSTED,false,0.0
500,FILESYSTEM,"Standard OS %TEMP% Allocation",TRUSTED,false,0.0
501,NETWORK,"Standard Package Registry DNS Resolution",TRUSTED,false,0.0
502,NETWORK,"Standard Package Registry DNS Resolution",TRUSTED,false,0.0
503,NETWORK,"Standard Package Registry DNS Resolution",TRUSTED,false,0.0
504,NETWORK,"Standard Package Registry DNS Resolution",TRUSTED,false,0.0
505,NETWORK,"Standard Package Registry DNS Resolution",TRUSTED,false,0.0
506,NETWORK,"Standard Package Registry DNS Resolution",TRUSTED,false,0.0
507,NETWORK,"Standard Package Registry DNS Resolution",TRUSTED,false,0.0
508,NETWORK,"Standard Package Registry DNS Resolution",TRUSTED,false,0.0
509,NETWORK,"Standard Package Registry DNS Resolution",TRUSTED,false,0.0
510,NETWORK,"Standard Package Registry DNS Resolution",TRUSTED,false,0.0
511,NETWORK,"Standard Package Registry DNS Resolution",TRUSTED,false,0.0
512,NETWORK,"Standard Package Registry DNS Resolution",TRUSTED,false,0.0
513,NETWORK,"Standard Package Registry DNS Resolution",TRUSTED,false,0.0
514,NETWORK,"Standard Package Registry DNS Resolution",TRUSTED,false,0.0
515,NETWORK,"Standard Package Registry DNS Resolution",TRUSTED,false,0.0
516,NETWORK,"Standard Package Registry DNS Resolution",TRUSTED,false,0.0
517,NETWORK,"Standard Package Registry DNS Resolution",TRUSTED,false,0.0
518,NETWORK,"Standard Package Registry DNS Resolution",TRUSTED,false,0.0
519,NETWORK,"Standard Package Registry DNS Resolution",TRUSTED,false,0.0
520,NETWORK,"Standard Package Registry DNS Resolution",TRUSTED,false,0.0
521,NETWORK,"Standard Package Registry DNS Resolution",TRUSTED,false,0.0
522,NETWORK,"Standard Package Registry DNS Resolution",TRUSTED,false,0.0
523,NETWORK,"Standard Package Registry DNS Resolution",TRUSTED,false,0.0
524,NETWORK,"Standard Package Registry DNS Resolution",TRUSTED,false,0.0
525,NETWORK,"Standard Package Registry DNS Resolution",TRUSTED,false,0.0
526,NETWORK,"Standard Package Registry DNS Resolution",TRUSTED,false,0.0
527,NETWORK,"Standard Package Registry DNS Resolution",TRUSTED,false,0.0
528,NETWORK,"Standard Package Registry DNS Resolution",TRUSTED,false,0.0
529,NETWORK,"Standard Package Registry DNS Resolution",TRUSTED,false,0.0
530,NETWORK,"Standard Package Registry DNS Resolution",TRUSTED,false,0.0
531,NETWORK,"Standard Package Registry DNS Resolution",TRUSTED,false,0.0
532,NETWORK,"Standard Package Registry DNS Resolution",TRUSTED,false,0.0
533,NETWORK,"Standard Package Registry DNS Resolution",TRUSTED,false,0.0
534,NETWORK,"Standard Package Registry DNS Resolution",TRUSTED,false,0.0
535,NETWORK,"Standard Package Registry DNS Resolution",TRUSTED,false,0.0
536,NETWORK,"Standard Package Registry DNS Resolution",TRUSTED,false,0.0
537,NETWORK,"Standard Package Registry DNS Resolution",TRUSTED,false,0.0
538,NETWORK,"Standard Package Registry DNS Resolution",TRUSTED,false,0.0
539,NETWORK,"Standard Package Registry DNS Resolution",TRUSTED,false,0.0
540,NETWORK,"Standard Package Registry DNS Resolution",TRUSTED,false,0.0
541,NETWORK,"Standard Package Registry DNS Resolution",TRUSTED,false,0.0
542,NETWORK,"Standard Package Registry DNS Resolution",TRUSTED,false,0.0
543,NETWORK,"Standard Package Registry DNS Resolution",TRUSTED,false,0.0
544,NETWORK,"Standard Package Registry DNS Resolution",TRUSTED,false,0.0
545,NETWORK,"Standard Package Registry DNS Resolution",TRUSTED,false,0.0
546,NETWORK,"Standard Package Registry DNS Resolution",TRUSTED,false,0.0
547,NETWORK,"Standard Package Registry DNS Resolution",TRUSTED,false,0.0
548,NETWORK,"Standard Package Registry DNS Resolution",TRUSTED,false,0.0
549,NETWORK,"Standard Package Registry DNS Resolution",TRUSTED,false,0.0
550,NETWORK,"Standard Package Registry DNS Resolution",TRUSTED,false,0.0
551,NETWORK,"Standard Package Registry DNS Resolution",TRUSTED,false,0.0
552,NETWORK,"Standard Package Registry DNS Resolution",TRUSTED,false,0.0
553,NETWORK,"Standard Package Registry DNS Resolution",TRUSTED,false,0.0
554,NETWORK,"Standard Package Registry DNS Resolution",TRUSTED,false,0.0
555,NETWORK,"Standard Package Registry DNS Resolution",TRUSTED,false,0.0
556,NETWORK,"Standard Package Registry DNS Resolution",TRUSTED,false,0.0
557,NETWORK,"Standard Package Registry DNS Resolution",TRUSTED,false,0.0
558,NETWORK,"Standard Package Registry DNS Resolution",TRUSTED,false,0.0
559,NETWORK,"Standard Package Registry DNS Resolution",TRUSTED,false,0.0
560,NETWORK,"Standard Package Registry DNS Resolution",TRUSTED,false,0.0
561,NETWORK,"Standard Package Registry DNS Resolution",TRUSTED,false,525.5
562,NETWORK,"Standard Package Registry DNS Resolution",TRUSTED,false,0.0
563,NETWORK,"Standard Package Registry DNS Resolution",TRUSTED,false,0.0
564,NETWORK,"Standard Package Registry DNS Resolution",TRUSTED,false,0.0
565,NETWORK,"Standard Package Registry DNS Resolution",TRUSTED,false,0.0
566,NETWORK,"Standard Package Registry DNS Resolution",TRUSTED,false,0.0
567,NETWORK,"Standard Package Registry DNS Resolution",TRUSTED,false,0.0
568,NETWORK,"Standard Package Registry DNS Resolution",TRUSTED,false,0.0
569,NETWORK,"Standard Package Registry DNS Resolution",TRUSTED,false,0.0
570,NETWORK,"Standard Package Registry DNS Resolution",TRUSTED,false,0.0
571,NETWORK,"Standard Package Registry DNS Resolution",TRUSTED,false,0.0
572,NETWORK,"Standard Package Registry DNS Resolution",TRUSTED,false,0.0
573,NETWORK,"Standard Package Registry DNS Resolution",TRUSTED,false,0.0
574,NETWORK,"Standard Package Registry DNS Resolution",TRUSTED,false,0.0
575,NETWORK,"Standard Package Registry DNS Resolution",TRUSTED,false,0.0
576,NETWORK,"Standard Package Registry DNS Resolution",TRUSTED,false,0.0
577,NETWORK,"Standard Package Registry DNS Resolution",TRUSTED,false,0.0
578,NETWORK,"Standard Package Registry DNS Resolution",TRUSTED,false,0.0
579,NETWORK,"Standard Package Registry DNS Resolution",TRUSTED,false,0.0
580,NETWORK,"Standard Package Registry DNS Resolution",TRUSTED,false,0.0
581,NETWORK,"Standard Package Registry DNS Resolution",TRUSTED,false,0.0
582,NETWORK,"Standard Package Registry DNS Resolution",TRUSTED,false,0.0
583,NETWORK,"Standard Package Registry DNS Resolution",TRUSTED,false,0.0
584,NETWORK,"Standard Package Registry DNS Resolution",TRUSTED,false,0.0
585,NETWORK,"Standard Package Registry DNS Resolution",TRUSTED,false,519.9
586,NETWORK,"Standard Package Registry DNS Resolution",TRUSTED,false,0.0
587,NETWORK,"Standard Package Registry DNS Resolution",TRUSTED,false,0.0
588,NETWORK,"Standard Package Registry DNS Resolution",TRUSTED,false,0.0
589,NETWORK,"Standard Package Registry DNS Resolution",TRUSTED,false,0.0
590,NETWORK,"Standard Package Registry DNS Resolution",TRUSTED,false,0.0
591,NETWORK,"Standard Package Registry DNS Resolution",TRUSTED,false,0.0
592,NETWORK,"Standard Package Registry DNS Resolution",TRUSTED,false,0.0
593,NETWORK,"Standard Package Registry DNS Resolution",TRUSTED,false,0.0
594,NETWORK,"Standard Package Registry DNS Resolution",TRUSTED,false,0.0
595,NETWORK,"Standard Package Registry DNS Resolution",TRUSTED,false,0.0
596,NETWORK,"Standard Package Registry DNS Resolution",TRUSTED,false,0.0
597,NETWORK,"Standard Package Registry DNS Resolution",TRUSTED,false,0.0
598,NETWORK,"Standard Package Registry DNS Resolution",TRUSTED,false,0.0
599,NETWORK,"Standard Package Registry DNS Resolution",TRUSTED,false,0.0
600,NETWORK,"Standard Package Registry DNS Resolution",TRUSTED,false,0.0
601,NETWORK,"Legitimate Nested CDN Registry Mirror",TRUSTED,false,0.0
602,NETWORK,"Legitimate Nested CDN Registry Mirror",TRUSTED,false,0.0
603,NETWORK,"Legitimate Nested CDN Registry Mirror",TRUSTED,false,0.0
604,NETWORK,"Legitimate Nested CDN Registry Mirror",TRUSTED,false,0.0
605,NETWORK,"Legitimate Nested CDN Registry Mirror",TRUSTED,false,0.0
606,NETWORK,"Legitimate Nested CDN Registry Mirror",TRUSTED,false,0.0
607,NETWORK,"Legitimate Nested CDN Registry Mirror",TRUSTED,false,0.0
608,NETWORK,"Legitimate Nested CDN Registry Mirror",TRUSTED,false,0.0
609,NETWORK,"Legitimate Nested CDN Registry Mirror",TRUSTED,false,0.0
610,NETWORK,"Legitimate Nested CDN Registry Mirror",TRUSTED,false,0.0
611,NETWORK,"Legitimate Nested CDN Registry Mirror",TRUSTED,false,0.0
612,NETWORK,"Legitimate Nested CDN Registry Mirror",TRUSTED,false,0.0
613,NETWORK,"Legitimate Nested CDN Registry Mirror",TRUSTED,false,0.0
614,NETWORK,"Legitimate Nested CDN Registry Mirror",TRUSTED,false,0.0
615,NETWORK,"Legitimate Nested CDN Registry Mirror",TRUSTED,false,0.0
616,NETWORK,"Legitimate Nested CDN Registry Mirror",TRUSTED,false,0.0
617,NETWORK,"Legitimate Nested CDN Registry Mirror",TRUSTED,false,0.0
618,NETWORK,"Legitimate Nested CDN Registry Mirror",TRUSTED,false,0.0
619,NETWORK,"Legitimate Nested CDN Registry Mirror",TRUSTED,false,0.0
620,NETWORK,"Legitimate Nested CDN Registry Mirror",TRUSTED,false,0.0
621,NETWORK,"Legitimate Nested CDN Registry Mirror",TRUSTED,false,0.0
622,NETWORK,"Legitimate Nested CDN Registry Mirror",TRUSTED,false,0.0
623,NETWORK,"Legitimate Nested CDN Registry Mirror",TRUSTED,false,0.0
624,NETWORK,"Legitimate Nested CDN Registry Mirror",TRUSTED,false,519.9
625,NETWORK,"Legitimate Nested CDN Registry Mirror",TRUSTED,false,0.0
626,NETWORK,"Legitimate Nested CDN Registry Mirror",TRUSTED,false,0.0
627,NETWORK,"Legitimate Nested CDN Registry Mirror",TRUSTED,false,0.0
628,NETWORK,"Legitimate Nested CDN Registry Mirror",TRUSTED,false,0.0
629,NETWORK,"Legitimate Nested CDN Registry Mirror",TRUSTED,false,0.0
630,NETWORK,"Legitimate Nested CDN Registry Mirror",TRUSTED,false,0.0
631,NETWORK,"Legitimate Nested CDN Registry Mirror",TRUSTED,false,0.0
632,NETWORK,"Legitimate Nested CDN Registry Mirror",TRUSTED,false,0.0
633,NETWORK,"Legitimate Nested CDN Registry Mirror",TRUSTED,false,0.0
634,NETWORK,"Legitimate Nested CDN Registry Mirror",TRUSTED,false,0.0
635,NETWORK,"Legitimate Nested CDN Registry Mirror",TRUSTED,false,0.0
636,NETWORK,"Legitimate Nested CDN Registry Mirror",TRUSTED,false,0.0
637,NETWORK,"Legitimate Nested CDN Registry Mirror",TRUSTED,false,0.0
638,NETWORK,"Legitimate Nested CDN Registry Mirror",TRUSTED,false,0.0
639,NETWORK,"Legitimate Nested CDN Registry Mirror",TRUSTED,false,0.0
640,NETWORK,"Legitimate Nested CDN Registry Mirror",TRUSTED,false,0.0
641,NETWORK,"Legitimate Nested CDN Registry Mirror",TRUSTED,false,0.0
642,NETWORK,"Legitimate Nested CDN Registry Mirror",TRUSTED,false,0.0
643,NETWORK,"Legitimate Nested CDN Registry Mirror",TRUSTED,false,0.0
644,NETWORK,"Legitimate Nested CDN Registry Mirror",TRUSTED,false,0.0
645,NETWORK,"Legitimate Nested CDN Registry Mirror",TRUSTED,false,0.0
646,NETWORK,"Legitimate Nested CDN Registry Mirror",TRUSTED,false,0.0
647,NETWORK,"Legitimate Nested CDN Registry Mirror",TRUSTED,false,0.0
648,NETWORK,"Legitimate Nested CDN Registry Mirror",TRUSTED,false,0.0
649,NETWORK,"Legitimate Nested CDN Registry Mirror",TRUSTED,false,0.0
650,NETWORK,"Legitimate Nested CDN Registry Mirror",TRUSTED,false,0.0
651,NETWORK,"Legitimate Nested CDN Registry Mirror",TRUSTED,false,0.0
652,NETWORK,"Legitimate Nested CDN Registry Mirror",TRUSTED,false,0.0
653,NETWORK,"Legitimate Nested CDN Registry Mirror",TRUSTED,false,0.0
654,NETWORK,"Legitimate Nested CDN Registry Mirror",TRUSTED,false,0.0
655,NETWORK,"Legitimate Nested CDN Registry Mirror",TRUSTED,false,0.0
656,NETWORK,"Legitimate Nested CDN Registry Mirror",TRUSTED,false,0.0
657,NETWORK,"Legitimate Nested CDN Registry Mirror",TRUSTED,false,0.0
658,NETWORK,"Legitimate Nested CDN Registry Mirror",TRUSTED,false,0.0
659,NETWORK,"Legitimate Nested CDN Registry Mirror",TRUSTED,false,0.0
660,NETWORK,"Legitimate Nested CDN Registry Mirror",TRUSTED,false,0.0
661,NETWORK,"Legitimate Nested CDN Registry Mirror",TRUSTED,false,0.0
662,NETWORK,"Legitimate Nested CDN Registry Mirror",TRUSTED,false,0.0
663,NETWORK,"Legitimate Nested CDN Registry Mirror",TRUSTED,false,0.0
664,NETWORK,"Legitimate Nested CDN Registry Mirror",TRUSTED,false,0.0
665,NETWORK,"Legitimate Nested CDN Registry Mirror",TRUSTED,false,0.0
666,NETWORK,"Legitimate Nested CDN Registry Mirror",TRUSTED,false,516.4
667,NETWORK,"Legitimate Nested CDN Registry Mirror",TRUSTED,false,0.0
668,NETWORK,"Legitimate Nested CDN Registry Mirror",TRUSTED,false,0.0
669,NETWORK,"Legitimate Nested CDN Registry Mirror",TRUSTED,false,0.0
670,NETWORK,"Legitimate Nested CDN Registry Mirror",TRUSTED,false,0.0
671,NETWORK,"Legitimate Nested CDN Registry Mirror",TRUSTED,false,0.0
672,NETWORK,"Legitimate Nested CDN Registry Mirror",TRUSTED,false,0.0
673,NETWORK,"Legitimate Nested CDN Registry Mirror",TRUSTED,false,0.0
674,NETWORK,"Legitimate Nested CDN Registry Mirror",TRUSTED,false,0.0
675,NETWORK,"Legitimate Nested CDN Registry Mirror",TRUSTED,false,0.0
676,NETWORK,"Legitimate Nested CDN Registry Mirror",TRUSTED,false,0.0
677,NETWORK,"Legitimate Nested CDN Registry Mirror",TRUSTED,false,0.0
678,NETWORK,"Legitimate Nested CDN Registry Mirror",TRUSTED,false,0.0
679,NETWORK,"Legitimate Nested CDN Registry Mirror",TRUSTED,false,0.0
680,NETWORK,"Legitimate Nested CDN Registry Mirror",TRUSTED,false,0.0
681,NETWORK,"Legitimate Nested CDN Registry Mirror",TRUSTED,false,0.0
682,NETWORK,"Legitimate Nested CDN Registry Mirror",TRUSTED,false,0.0
683,NETWORK,"Legitimate Nested CDN Registry Mirror",TRUSTED,false,0.0
684,NETWORK,"Legitimate Nested CDN Registry Mirror",TRUSTED,false,0.0
685,NETWORK,"Legitimate Nested CDN Registry Mirror",TRUSTED,false,0.0
686,NETWORK,"Legitimate Nested CDN Registry Mirror",TRUSTED,false,0.0
687,NETWORK,"Legitimate Nested CDN Registry Mirror",TRUSTED,false,0.0
688,NETWORK,"Legitimate Nested CDN Registry Mirror",TRUSTED,false,0.0
689,NETWORK,"Legitimate Nested CDN Registry Mirror",TRUSTED,false,0.0
690,NETWORK,"Legitimate Nested CDN Registry Mirror",TRUSTED,false,0.0
691,NETWORK,"Legitimate Nested CDN Registry Mirror",TRUSTED,false,0.0
692,NETWORK,"Legitimate Nested CDN Registry Mirror",TRUSTED,false,0.0
693,NETWORK,"Legitimate Nested CDN Registry Mirror",TRUSTED,false,0.0
694,NETWORK,"Legitimate Nested CDN Registry Mirror",TRUSTED,false,0.0
695,NETWORK,"Legitimate Nested CDN Registry Mirror",TRUSTED,false,0.0
696,NETWORK,"Legitimate Nested CDN Registry Mirror",TRUSTED,false,0.0
697,NETWORK,"Legitimate Nested CDN Registry Mirror",TRUSTED,false,0.0
698,NETWORK,"Legitimate Nested CDN Registry Mirror",TRUSTED,false,0.0
699,NETWORK,"Legitimate Nested CDN Registry Mirror",TRUSTED,false,0.0
700,NETWORK,"Legitimate Nested CDN Registry Mirror",TRUSTED,false,0.0
701,PROCESS,"Transient Helper Tool Execution (git rev-parse)",TRUSTED,false,0.0
702,PROCESS,"Transient Helper Tool Execution (git rev-parse)",TRUSTED,false,0.0
703,PROCESS,"Transient Helper Tool Execution (git rev-parse)",TRUSTED,false,0.0
704,PROCESS,"Transient Helper Tool Execution (git rev-parse)",TRUSTED,false,0.0
705,PROCESS,"Transient Helper Tool Execution (git rev-parse)",TRUSTED,false,0.0
706,PROCESS,"Transient Helper Tool Execution (git rev-parse)",TRUSTED,false,0.0
707,PROCESS,"Transient Helper Tool Execution (git rev-parse)",TRUSTED,false,0.0
708,PROCESS,"Transient Helper Tool Execution (git rev-parse)",TRUSTED,false,0.0
709,PROCESS,"Transient Helper Tool Execution (git rev-parse)",TRUSTED,false,0.0
710,PROCESS,"Transient Helper Tool Execution (git rev-parse)",TRUSTED,false,0.0
711,PROCESS,"Transient Helper Tool Execution (git rev-parse)",TRUSTED,false,0.0
712,PROCESS,"Transient Helper Tool Execution (git rev-parse)",TRUSTED,false,0.0
713,PROCESS,"Transient Helper Tool Execution (git rev-parse)",TRUSTED,false,513.5
714,PROCESS,"Transient Helper Tool Execution (git rev-parse)",TRUSTED,false,0.0
715,PROCESS,"Transient Helper Tool Execution (git rev-parse)",TRUSTED,false,0.0
716,PROCESS,"Transient Helper Tool Execution (git rev-parse)",TRUSTED,false,0.0
717,PROCESS,"Transient Helper Tool Execution (git rev-parse)",TRUSTED,false,0.0
718,PROCESS,"Transient Helper Tool Execution (git rev-parse)",TRUSTED,false,0.0
719,PROCESS,"Transient Helper Tool Execution (git rev-parse)",TRUSTED,false,0.0
720,PROCESS,"Transient Helper Tool Execution (git rev-parse)",TRUSTED,false,0.0
721,PROCESS,"Transient Helper Tool Execution (git rev-parse)",TRUSTED,false,0.0
722,PROCESS,"Transient Helper Tool Execution (git rev-parse)",TRUSTED,false,0.0
723,PROCESS,"Transient Helper Tool Execution (git rev-parse)",TRUSTED,false,0.0
724,PROCESS,"Transient Helper Tool Execution (git rev-parse)",TRUSTED,false,0.0
725,PROCESS,"Transient Helper Tool Execution (git rev-parse)",TRUSTED,false,0.0
726,PROCESS,"Transient Helper Tool Execution (git rev-parse)",TRUSTED,false,0.0
727,PROCESS,"Transient Helper Tool Execution (git rev-parse)",TRUSTED,false,0.0
728,PROCESS,"Transient Helper Tool Execution (git rev-parse)",TRUSTED,false,0.0
729,PROCESS,"Transient Helper Tool Execution (git rev-parse)",TRUSTED,false,0.0
730,PROCESS,"Transient Helper Tool Execution (git rev-parse)",TRUSTED,false,0.0
731,PROCESS,"Transient Helper Tool Execution (git rev-parse)",TRUSTED,false,0.0
732,PROCESS,"Transient Helper Tool Execution (git rev-parse)",TRUSTED,false,0.0
733,PROCESS,"Transient Helper Tool Execution (git rev-parse)",TRUSTED,false,0.0
734,PROCESS,"Transient Helper Tool Execution (git rev-parse)",TRUSTED,false,0.0
735,PROCESS,"Transient Helper Tool Execution (git rev-parse)",TRUSTED,false,0.0
736,PROCESS,"Transient Helper Tool Execution (git rev-parse)",TRUSTED,false,0.0
737,PROCESS,"Transient Helper Tool Execution (git rev-parse)",TRUSTED,false,0.0
738,PROCESS,"Transient Helper Tool Execution (git rev-parse)",TRUSTED,false,0.0
739,PROCESS,"Transient Helper Tool Execution (git rev-parse)",TRUSTED,false,0.0
740,PROCESS,"Transient Helper Tool Execution (git rev-parse)",TRUSTED,false,0.0
741,PROCESS,"Transient Helper Tool Execution (git rev-parse)",TRUSTED,false,0.0
742,PROCESS,"Transient Helper Tool Execution (git rev-parse)",TRUSTED,false,0.0
743,PROCESS,"Transient Helper Tool Execution (git rev-parse)",TRUSTED,false,0.0
744,PROCESS,"Transient Helper Tool Execution (git rev-parse)",TRUSTED,false,0.0
745,PROCESS,"Transient Helper Tool Execution (git rev-parse)",TRUSTED,false,0.0
746,PROCESS,"Transient Helper Tool Execution (git rev-parse)",TRUSTED,false,0.0
747,PROCESS,"Transient Helper Tool Execution (git rev-parse)",TRUSTED,false,0.0
748,PROCESS,"Transient Helper Tool Execution (git rev-parse)",TRUSTED,false,0.0
749,PROCESS,"Transient Helper Tool Execution (git rev-parse)",TRUSTED,false,0.0
750,PROCESS,"Transient Helper Tool Execution (git rev-parse)",TRUSTED,false,0.0
751,PROCESS,"Transient Helper Tool Execution (git rev-parse)",TRUSTED,false,0.0
752,PROCESS,"Transient Helper Tool Execution (git rev-parse)",TRUSTED,false,0.0
753,PROCESS,"Transient Helper Tool Execution (git rev-parse)",TRUSTED,false,0.0
754,PROCESS,"Transient Helper Tool Execution (git rev-parse)",TRUSTED,false,0.0
755,PROCESS,"Transient Helper Tool Execution (git rev-parse)",TRUSTED,false,0.0
756,PROCESS,"Transient Helper Tool Execution (git rev-parse)",TRUSTED,false,0.0
757,PROCESS,"Transient Helper Tool Execution (git rev-parse)",TRUSTED,false,0.0
758,PROCESS,"Transient Helper Tool Execution (git rev-parse)",TRUSTED,false,0.0
759,PROCESS,"Transient Helper Tool Execution (git rev-parse)",TRUSTED,false,0.0
760,PROCESS,"Transient Helper Tool Execution (git rev-parse)",TRUSTED,false,0.0
761,PROCESS,"Transient Helper Tool Execution (git rev-parse)",TRUSTED,false,0.0
762,PROCESS,"Transient Helper Tool Execution (git rev-parse)",TRUSTED,false,0.0
763,PROCESS,"Transient Helper Tool Execution (git rev-parse)",TRUSTED,false,0.0
764,PROCESS,"Transient Helper Tool Execution (git rev-parse)",TRUSTED,false,0.0
765,PROCESS,"Transient Helper Tool Execution (git rev-parse)",TRUSTED,false,0.0
766,PROCESS,"Transient Helper Tool Execution (git rev-parse)",TRUSTED,false,0.0
767,PROCESS,"Transient Helper Tool Execution (git rev-parse)",TRUSTED,false,521.9
768,PROCESS,"Transient Helper Tool Execution (git rev-parse)",TRUSTED,false,0.0
769,PROCESS,"Transient Helper Tool Execution (git rev-parse)",TRUSTED,false,0.0
770,PROCESS,"Transient Helper Tool Execution (git rev-parse)",TRUSTED,false,0.0
771,PROCESS,"Transient Helper Tool Execution (git rev-parse)",TRUSTED,false,0.0
772,PROCESS,"Transient Helper Tool Execution (git rev-parse)",TRUSTED,false,0.0
773,PROCESS,"Transient Helper Tool Execution (git rev-parse)",TRUSTED,false,0.0
774,PROCESS,"Transient Helper Tool Execution (git rev-parse)",TRUSTED,false,0.0
775,PROCESS,"Transient Helper Tool Execution (git rev-parse)",TRUSTED,false,0.0
776,PROCESS,"Transient Helper Tool Execution (git rev-parse)",TRUSTED,false,0.0
777,PROCESS,"Transient Helper Tool Execution (git rev-parse)",TRUSTED,false,0.0
778,PROCESS,"Transient Helper Tool Execution (git rev-parse)",TRUSTED,false,0.0
779,PROCESS,"Transient Helper Tool Execution (git rev-parse)",TRUSTED,false,0.0
780,PROCESS,"Transient Helper Tool Execution (git rev-parse)",TRUSTED,false,0.0
781,PROCESS,"Transient Helper Tool Execution (git rev-parse)",TRUSTED,false,0.0
782,PROCESS,"Transient Helper Tool Execution (git rev-parse)",TRUSTED,false,0.0
783,PROCESS,"Transient Helper Tool Execution (git rev-parse)",TRUSTED,false,0.0
784,PROCESS,"Transient Helper Tool Execution (git rev-parse)",TRUSTED,false,0.0
785,PROCESS,"Transient Helper Tool Execution (git rev-parse)",TRUSTED,false,0.0
786,PROCESS,"Transient Helper Tool Execution (git rev-parse)",TRUSTED,false,0.0
787,PROCESS,"Transient Helper Tool Execution (git rev-parse)",TRUSTED,false,0.0
788,PROCESS,"Transient Helper Tool Execution (git rev-parse)",TRUSTED,false,0.0
789,PROCESS,"Transient Helper Tool Execution (git rev-parse)",TRUSTED,false,0.0
790,PROCESS,"Transient Helper Tool Execution (git rev-parse)",TRUSTED,false,0.0
791,PROCESS,"Transient Helper Tool Execution (git rev-parse)",TRUSTED,false,0.0
792,PROCESS,"Transient Helper Tool Execution (git rev-parse)",TRUSTED,false,0.0
793,PROCESS,"Transient Helper Tool Execution (git rev-parse)",TRUSTED,false,0.0
794,PROCESS,"Transient Helper Tool Execution (git rev-parse)",TRUSTED,false,0.0
795,PROCESS,"Transient Helper Tool Execution (git rev-parse)",TRUSTED,false,0.0
796,PROCESS,"Transient Helper Tool Execution (git rev-parse)",TRUSTED,false,0.0
797,PROCESS,"Transient Helper Tool Execution (git rev-parse)",TRUSTED,false,0.0
798,PROCESS,"Transient Helper Tool Execution (git rev-parse)",TRUSTED,false,0.0
799,PROCESS,"Transient Helper Tool Execution (git rev-parse)",TRUSTED,false,0.0
800,PROCESS,"Transient Helper Tool Execution (git rev-parse)",TRUSTED,false,0.0
801,FILESYSTEM,"Ephemeral Build Workspace Cache Scratchpad",TRUSTED,false,0.0
802,FILESYSTEM,"Ephemeral Build Workspace Cache Scratchpad",TRUSTED,false,0.0
803,FILESYSTEM,"Ephemeral Build Workspace Cache Scratchpad",TRUSTED,false,0.0
804,FILESYSTEM,"Ephemeral Build Workspace Cache Scratchpad",TRUSTED,false,0.0
805,FILESYSTEM,"Ephemeral Build Workspace Cache Scratchpad",TRUSTED,false,0.0
806,FILESYSTEM,"Ephemeral Build Workspace Cache Scratchpad",TRUSTED,false,0.0
807,FILESYSTEM,"Ephemeral Build Workspace Cache Scratchpad",TRUSTED,false,0.0
808,FILESYSTEM,"Ephemeral Build Workspace Cache Scratchpad",TRUSTED,false,0.0
809,FILESYSTEM,"Ephemeral Build Workspace Cache Scratchpad",TRUSTED,false,0.0
810,FILESYSTEM,"Ephemeral Build Workspace Cache Scratchpad",TRUSTED,false,0.0
811,FILESYSTEM,"Ephemeral Build Workspace Cache Scratchpad",TRUSTED,false,0.0
812,FILESYSTEM,"Ephemeral Build Workspace Cache Scratchpad",TRUSTED,false,0.0
813,FILESYSTEM,"Ephemeral Build Workspace Cache Scratchpad",TRUSTED,false,0.0
814,FILESYSTEM,"Ephemeral Build Workspace Cache Scratchpad",TRUSTED,false,0.0
815,FILESYSTEM,"Ephemeral Build Workspace Cache Scratchpad",TRUSTED,false,0.0
816,FILESYSTEM,"Ephemeral Build Workspace Cache Scratchpad",TRUSTED,false,0.0
817,FILESYSTEM,"Ephemeral Build Workspace Cache Scratchpad",TRUSTED,false,0.0
818,FILESYSTEM,"Ephemeral Build Workspace Cache Scratchpad",TRUSTED,false,0.0
819,FILESYSTEM,"Ephemeral Build Workspace Cache Scratchpad",TRUSTED,false,0.0
820,FILESYSTEM,"Ephemeral Build Workspace Cache Scratchpad",TRUSTED,false,0.0
821,FILESYSTEM,"Ephemeral Build Workspace Cache Scratchpad",TRUSTED,false,0.0
822,FILESYSTEM,"Ephemeral Build Workspace Cache Scratchpad",TRUSTED,false,0.0
823,FILESYSTEM,"Ephemeral Build Workspace Cache Scratchpad",TRUSTED,false,0.0
824,FILESYSTEM,"Ephemeral Build Workspace Cache Scratchpad",TRUSTED,false,0.0
825,FILESYSTEM,"Ephemeral Build Workspace Cache Scratchpad",TRUSTED,false,0.0
826,FILESYSTEM,"Ephemeral Build Workspace Cache Scratchpad",TRUSTED,false,0.0
827,FILESYSTEM,"Ephemeral Build Workspace Cache Scratchpad",TRUSTED,false,0.0
828,FILESYSTEM,"Ephemeral Build Workspace Cache Scratchpad",TRUSTED,false,0.0
829,FILESYSTEM,"Ephemeral Build Workspace Cache Scratchpad",TRUSTED,false,0.0
830,FILESYSTEM,"Ephemeral Build Workspace Cache Scratchpad",TRUSTED,false,0.0
831,FILESYSTEM,"Ephemeral Build Workspace Cache Scratchpad",TRUSTED,false,0.0
832,FILESYSTEM,"Ephemeral Build Workspace Cache Scratchpad",TRUSTED,false,0.0
833,FILESYSTEM,"Ephemeral Build Workspace Cache Scratchpad",TRUSTED,false,0.0
834,FILESYSTEM,"Ephemeral Build Workspace Cache Scratchpad",TRUSTED,false,0.0
835,FILESYSTEM,"Ephemeral Build Workspace Cache Scratchpad",TRUSTED,false,0.0
836,FILESYSTEM,"Ephemeral Build Workspace Cache Scratchpad",TRUSTED,false,0.0
837,FILESYSTEM,"Ephemeral Build Workspace Cache Scratchpad",TRUSTED,false,0.0
838,FILESYSTEM,"Ephemeral Build Workspace Cache Scratchpad",TRUSTED,false,0.0
839,FILESYSTEM,"Ephemeral Build Workspace Cache Scratchpad",TRUSTED,false,0.0
840,FILESYSTEM,"Ephemeral Build Workspace Cache Scratchpad",TRUSTED,false,0.0
841,FILESYSTEM,"Ephemeral Build Workspace Cache Scratchpad",TRUSTED,false,0.0
842,FILESYSTEM,"Ephemeral Build Workspace Cache Scratchpad",TRUSTED,false,0.0
843,FILESYSTEM,"Ephemeral Build Workspace Cache Scratchpad",TRUSTED,false,0.0
844,FILESYSTEM,"Ephemeral Build Workspace Cache Scratchpad",TRUSTED,false,0.0
845,FILESYSTEM,"Ephemeral Build Workspace Cache Scratchpad",TRUSTED,false,0.0
846,FILESYSTEM,"Ephemeral Build Workspace Cache Scratchpad",TRUSTED,false,0.0
847,FILESYSTEM,"Ephemeral Build Workspace Cache Scratchpad",TRUSTED,false,0.0
848,FILESYSTEM,"Ephemeral Build Workspace Cache Scratchpad",TRUSTED,false,0.0
849,FILESYSTEM,"Ephemeral Build Workspace Cache Scratchpad",TRUSTED,false,0.0
850,FILESYSTEM,"Ephemeral Build Workspace Cache Scratchpad",TRUSTED,false,0.0
851,FILESYSTEM,"Ephemeral Build Workspace Cache Scratchpad",TRUSTED,false,0.0
852,FILESYSTEM,"Ephemeral Build Workspace Cache Scratchpad",TRUSTED,false,0.0
853,FILESYSTEM,"Ephemeral Build Workspace Cache Scratchpad",TRUSTED,false,0.0
854,FILESYSTEM,"Ephemeral Build Workspace Cache Scratchpad",TRUSTED,false,0.0
855,FILESYSTEM,"Ephemeral Build Workspace Cache Scratchpad",TRUSTED,false,0.0
856,FILESYSTEM,"Ephemeral Build Workspace Cache Scratchpad",TRUSTED,false,0.0
857,FILESYSTEM,"Ephemeral Build Workspace Cache Scratchpad",TRUSTED,false,0.0
858,FILESYSTEM,"Ephemeral Build Workspace Cache Scratchpad",TRUSTED,false,0.0
859,FILESYSTEM,"Ephemeral Build Workspace Cache Scratchpad",TRUSTED,false,0.0
860,FILESYSTEM,"Ephemeral Build Workspace Cache Scratchpad",TRUSTED,false,0.0
861,FILESYSTEM,"Ephemeral Build Workspace Cache Scratchpad",TRUSTED,false,0.0
862,FILESYSTEM,"Ephemeral Build Workspace Cache Scratchpad",TRUSTED,false,0.0
863,FILESYSTEM,"Ephemeral Build Workspace Cache Scratchpad",TRUSTED,false,0.0
864,FILESYSTEM,"Ephemeral Build Workspace Cache Scratchpad",TRUSTED,false,0.0
865,FILESYSTEM,"Ephemeral Build Workspace Cache Scratchpad",TRUSTED,false,0.0
866,FILESYSTEM,"Ephemeral Build Workspace Cache Scratchpad",TRUSTED,false,0.0
867,FILESYSTEM,"Ephemeral Build Workspace Cache Scratchpad",TRUSTED,false,0.0
868,FILESYSTEM,"Ephemeral Build Workspace Cache Scratchpad",TRUSTED,false,0.0
869,FILESYSTEM,"Ephemeral Build Workspace Cache Scratchpad",TRUSTED,false,0.0
870,FILESYSTEM,"Ephemeral Build Workspace Cache Scratchpad",TRUSTED,false,0.0
871,FILESYSTEM,"Ephemeral Build Workspace Cache Scratchpad",TRUSTED,false,0.0
872,FILESYSTEM,"Ephemeral Build Workspace Cache Scratchpad",TRUSTED,false,0.0
873,FILESYSTEM,"Ephemeral Build Workspace Cache Scratchpad",TRUSTED,false,0.0
874,FILESYSTEM,"Ephemeral Build Workspace Cache Scratchpad",TRUSTED,false,0.0
875,FILESYSTEM,"Ephemeral Build Workspace Cache Scratchpad",TRUSTED,false,523.1
876,FILESYSTEM,"Ephemeral Build Workspace Cache Scratchpad",TRUSTED,false,0.0
877,FILESYSTEM,"Ephemeral Build Workspace Cache Scratchpad",TRUSTED,false,0.0
878,FILESYSTEM,"Ephemeral Build Workspace Cache Scratchpad",TRUSTED,false,0.0
879,FILESYSTEM,"Ephemeral Build Workspace Cache Scratchpad",TRUSTED,false,0.0
880,FILESYSTEM,"Ephemeral Build Workspace Cache Scratchpad",TRUSTED,false,0.0
881,FILESYSTEM,"Ephemeral Build Workspace Cache Scratchpad",TRUSTED,false,0.0
882,FILESYSTEM,"Ephemeral Build Workspace Cache Scratchpad",TRUSTED,false,0.0
883,FILESYSTEM,"Ephemeral Build Workspace Cache Scratchpad",TRUSTED,false,0.0
884,FILESYSTEM,"Ephemeral Build Workspace Cache Scratchpad",TRUSTED,false,0.0
885,FILESYSTEM,"Ephemeral Build Workspace Cache Scratchpad",TRUSTED,false,0.0
886,FILESYSTEM,"Ephemeral Build Workspace Cache Scratchpad",TRUSTED,false,0.0
887,FILESYSTEM,"Ephemeral Build Workspace Cache Scratchpad",TRUSTED,false,0.0
888,FILESYSTEM,"Ephemeral Build Workspace Cache Scratchpad",TRUSTED,false,0.0
889,FILESYSTEM,"Ephemeral Build Workspace Cache Scratchpad",TRUSTED,false,0.0
890,FILESYSTEM,"Ephemeral Build Workspace Cache Scratchpad",TRUSTED,false,0.0
891,FILESYSTEM,"Ephemeral Build Workspace Cache Scratchpad",TRUSTED,false,514.0
892,FILESYSTEM,"Ephemeral Build Workspace Cache Scratchpad",TRUSTED,false,0.0
893,FILESYSTEM,"Ephemeral Build Workspace Cache Scratchpad",TRUSTED,false,0.0
894,FILESYSTEM,"Ephemeral Build Workspace Cache Scratchpad",TRUSTED,false,0.0
895,FILESYSTEM,"Ephemeral Build Workspace Cache Scratchpad",TRUSTED,false,0.0
896,FILESYSTEM,"Ephemeral Build Workspace Cache Scratchpad",TRUSTED,false,0.0
897,FILESYSTEM,"Ephemeral Build Workspace Cache Scratchpad",TRUSTED,false,0.0
898,FILESYSTEM,"Ephemeral Build Workspace Cache Scratchpad",TRUSTED,false,0.0
899,FILESYSTEM,"Ephemeral Build Workspace Cache Scratchpad",TRUSTED,false,0.0
900,FILESYSTEM,"Ephemeral Build Workspace Cache Scratchpad",TRUSTED,false,0.0
901,ENVIRONMENT,"Cross-Host Runner Path Relocation",TRUSTED,false,0.0
902,ENVIRONMENT,"Cross-Host Runner Path Relocation",TRUSTED,false,0.0
903,ENVIRONMENT,"Cross-Host Runner Path Relocation",TRUSTED,false,0.0
904,ENVIRONMENT,"Cross-Host Runner Path Relocation",TRUSTED,false,0.0
905,ENVIRONMENT,"Cross-Host Runner Path Relocation",TRUSTED,false,0.0
906,ENVIRONMENT,"Cross-Host Runner Path Relocation",TRUSTED,false,0.0
907,ENVIRONMENT,"Cross-Host Runner Path Relocation",TRUSTED,false,0.0
908,ENVIRONMENT,"Cross-Host Runner Path Relocation",TRUSTED,false,0.0
909,ENVIRONMENT,"Cross-Host Runner Path Relocation",TRUSTED,false,0.0
910,ENVIRONMENT,"Cross-Host Runner Path Relocation",TRUSTED,false,0.0
911,ENVIRONMENT,"Cross-Host Runner Path Relocation",TRUSTED,false,0.0
912,ENVIRONMENT,"Cross-Host Runner Path Relocation",TRUSTED,false,0.0
913,ENVIRONMENT,"Cross-Host Runner Path Relocation",TRUSTED,false,0.0
914,ENVIRONMENT,"Cross-Host Runner Path Relocation",TRUSTED,false,0.0
915,ENVIRONMENT,"Cross-Host Runner Path Relocation",TRUSTED,false,0.0
916,ENVIRONMENT,"Cross-Host Runner Path Relocation",TRUSTED,false,0.0
917,ENVIRONMENT,"Cross-Host Runner Path Relocation",TRUSTED,false,0.0
918,ENVIRONMENT,"Cross-Host Runner Path Relocation",TRUSTED,false,0.0
919,ENVIRONMENT,"Cross-Host Runner Path Relocation",TRUSTED,false,0.0
920,ENVIRONMENT,"Cross-Host Runner Path Relocation",TRUSTED,false,0.0
921,ENVIRONMENT,"Cross-Host Runner Path Relocation",TRUSTED,false,0.0
922,ENVIRONMENT,"Cross-Host Runner Path Relocation",TRUSTED,false,0.0
923,ENVIRONMENT,"Cross-Host Runner Path Relocation",TRUSTED,false,0.0
924,ENVIRONMENT,"Cross-Host Runner Path Relocation",TRUSTED,false,0.0
925,ENVIRONMENT,"Cross-Host Runner Path Relocation",TRUSTED,false,0.0
926,ENVIRONMENT,"Cross-Host Runner Path Relocation",TRUSTED,false,0.0
927,ENVIRONMENT,"Cross-Host Runner Path Relocation",TRUSTED,false,0.0
928,ENVIRONMENT,"Cross-Host Runner Path Relocation",TRUSTED,false,0.0
929,ENVIRONMENT,"Cross-Host Runner Path Relocation",TRUSTED,false,0.0
930,ENVIRONMENT,"Cross-Host Runner Path Relocation",TRUSTED,false,0.0
931,ENVIRONMENT,"Cross-Host Runner Path Relocation",TRUSTED,false,0.0
932,ENVIRONMENT,"Cross-Host Runner Path Relocation",TRUSTED,false,0.0
933,ENVIRONMENT,"Cross-Host Runner Path Relocation",TRUSTED,false,0.0
934,ENVIRONMENT,"Cross-Host Runner Path Relocation",TRUSTED,false,0.0
935,ENVIRONMENT,"Cross-Host Runner Path Relocation",TRUSTED,false,0.0
936,ENVIRONMENT,"Cross-Host Runner Path Relocation",TRUSTED,false,0.0
937,ENVIRONMENT,"Cross-Host Runner Path Relocation",TRUSTED,false,0.0
938,ENVIRONMENT,"Cross-Host Runner Path Relocation",TRUSTED,false,0.0
939,ENVIRONMENT,"Cross-Host Runner Path Relocation",TRUSTED,false,0.0
940,ENVIRONMENT,"Cross-Host Runner Path Relocation",TRUSTED,false,0.0
941,ENVIRONMENT,"Cross-Host Runner Path Relocation",TRUSTED,false,0.0
942,ENVIRONMENT,"Cross-Host Runner Path Relocation",TRUSTED,false,0.0
943,ENVIRONMENT,"Cross-Host Runner Path Relocation",TRUSTED,false,0.0
944,ENVIRONMENT,"Cross-Host Runner Path Relocation",TRUSTED,false,0.0
945,ENVIRONMENT,"Cross-Host Runner Path Relocation",TRUSTED,false,0.0
946,ENVIRONMENT,"Cross-Host Runner Path Relocation",TRUSTED,false,0.0
947,ENVIRONMENT,"Cross-Host Runner Path Relocation",TRUSTED,false,0.0
948,ENVIRONMENT,"Cross-Host Runner Path Relocation",TRUSTED,false,0.0
949,ENVIRONMENT,"Cross-Host Runner Path Relocation",TRUSTED,false,0.0
950,ENVIRONMENT,"Cross-Host Runner Path Relocation",TRUSTED,false,0.0
951,ENVIRONMENT,"Cross-Host Runner Path Relocation",TRUSTED,false,0.0
952,ENVIRONMENT,"Cross-Host Runner Path Relocation",TRUSTED,false,528.7
953,ENVIRONMENT,"Cross-Host Runner Path Relocation",TRUSTED,false,0.0
954,ENVIRONMENT,"Cross-Host Runner Path Relocation",TRUSTED,false,0.0
955,ENVIRONMENT,"Cross-Host Runner Path Relocation",TRUSTED,false,0.0
956,ENVIRONMENT,"Cross-Host Runner Path Relocation",TRUSTED,false,0.0
957,ENVIRONMENT,"Cross-Host Runner Path Relocation",TRUSTED,false,0.0
958,ENVIRONMENT,"Cross-Host Runner Path Relocation",TRUSTED,false,0.0
959,ENVIRONMENT,"Cross-Host Runner Path Relocation",TRUSTED,false,0.0
960,ENVIRONMENT,"Cross-Host Runner Path Relocation",TRUSTED,false,0.0
961,ENVIRONMENT,"Cross-Host Runner Path Relocation",TRUSTED,false,0.0
962,ENVIRONMENT,"Cross-Host Runner Path Relocation",TRUSTED,false,0.0
963,ENVIRONMENT,"Cross-Host Runner Path Relocation",TRUSTED,false,0.0
964,ENVIRONMENT,"Cross-Host Runner Path Relocation",TRUSTED,false,0.0
965,ENVIRONMENT,"Cross-Host Runner Path Relocation",TRUSTED,false,0.0
966,ENVIRONMENT,"Cross-Host Runner Path Relocation",TRUSTED,false,0.0
967,ENVIRONMENT,"Cross-Host Runner Path Relocation",TRUSTED,false,0.0
968,ENVIRONMENT,"Cross-Host Runner Path Relocation",TRUSTED,false,0.0
969,ENVIRONMENT,"Cross-Host Runner Path Relocation",TRUSTED,false,0.0
970,ENVIRONMENT,"Cross-Host Runner Path Relocation",TRUSTED,false,0.0
971,ENVIRONMENT,"Cross-Host Runner Path Relocation",TRUSTED,false,0.0
972,ENVIRONMENT,"Cross-Host Runner Path Relocation",TRUSTED,false,0.0
973,ENVIRONMENT,"Cross-Host Runner Path Relocation",TRUSTED,false,0.0
974,ENVIRONMENT,"Cross-Host Runner Path Relocation",TRUSTED,false,0.0
975,ENVIRONMENT,"Cross-Host Runner Path Relocation",TRUSTED,false,0.0
976,ENVIRONMENT,"Cross-Host Runner Path Relocation",TRUSTED,false,0.0
977,ENVIRONMENT,"Cross-Host Runner Path Relocation",TRUSTED,false,0.0
978,ENVIRONMENT,"Cross-Host Runner Path Relocation",TRUSTED,false,0.0
979,ENVIRONMENT,"Cross-Host Runner Path Relocation",TRUSTED,false,0.0
980,ENVIRONMENT,"Cross-Host Runner Path Relocation",TRUSTED,false,531.6
981,ENVIRONMENT,"Cross-Host Runner Path Relocation",TRUSTED,false,0.0
982,ENVIRONMENT,"Cross-Host Runner Path Relocation",TRUSTED,false,0.0
983,ENVIRONMENT,"Cross-Host Runner Path Relocation",TRUSTED,false,0.0
984,ENVIRONMENT,"Cross-Host Runner Path Relocation",TRUSTED,false,0.0
985,ENVIRONMENT,"Cross-Host Runner Path Relocation",TRUSTED,false,0.0
986,ENVIRONMENT,"Cross-Host Runner Path Relocation",TRUSTED,false,0.0
987,ENVIRONMENT,"Cross-Host Runner Path Relocation",TRUSTED,false,0.0
988,ENVIRONMENT,"Cross-Host Runner Path Relocation",TRUSTED,false,0.0
989,ENVIRONMENT,"Cross-Host Runner Path Relocation",TRUSTED,false,0.0
990,ENVIRONMENT,"Cross-Host Runner Path Relocation",TRUSTED,false,0.0
991,ENVIRONMENT,"Cross-Host Runner Path Relocation",TRUSTED,false,0.0
992,ENVIRONMENT,"Cross-Host Runner Path Relocation",TRUSTED,false,0.0
993,ENVIRONMENT,"Cross-Host Runner Path Relocation",TRUSTED,false,0.0
994,ENVIRONMENT,"Cross-Host Runner Path Relocation",TRUSTED,false,0.0
995,ENVIRONMENT,"Cross-Host Runner Path Relocation",TRUSTED,false,0.0
996,ENVIRONMENT,"Cross-Host Runner Path Relocation",TRUSTED,false,0.0
997,ENVIRONMENT,"Cross-Host Runner Path Relocation",TRUSTED,false,0.0
998,ENVIRONMENT,"Cross-Host Runner Path Relocation",TRUSTED,false,0.0
999,ENVIRONMENT,"Cross-Host Runner Path Relocation",TRUSTED,false,0.0
1000,ENVIRONMENT,"Cross-Host Runner Path Relocation",TRUSTED,false,0.0
