trial_id,mutation_id,category,target_layer,expected,actual,detected,localized,latency_micros,is_benign
1,MUT-0001,Artifact,,TRUSTED,TRUSTED,false,false,0,true
2,MUT-0002,Hash,PROVENANCE,REJECTED,REJECTED,true,true,0,false
3,MUT-0003,Signature,SIGNATURE,REJECTED,REJECTED,true,true,0,false
4,MUT-0004,Provenance,PROVENANCE,REJECTED,REJECTED,true,true,0,false
5,MUT-0005,SBOM,SBOM,REJECTED,REJECTED,true,true,0,false
6,MUT-0006,Dependency,DEPENDENCIES,REJECTED,REJECTED,true,true,0,false
7,MUT-0007,Commit,SOURCE,WARNING,REJECTED,true,true,0,false
8,MUT-0008,Environment,BUILD,REJECTED,REJECTED,true,true,0,false
9,MUT-0009,Filesystem,FILESYSTEM,REJECTED,REJECTED,true,true,0,false
10,MUT-0010,Network,NETWORK,REJECTED,REJECTED,true,true,0,false
11,MUT-0011,Process,,TRUSTED,TRUSTED,false,false,0,true
12,MUT-0012,Timestamp,PROVENANCE,REJECTED,REJECTED,true,true,0,false
13,MUT-0013,Evidence Manifest,PROVENANCE,REJECTED,REJECTED,true,true,0,false
14,MUT-0014,Hash Chain,PROVENANCE,REJECTED,REJECTED,true,true,0,false
15,MUT-0015,Artifact,PROVENANCE,REJECTED,REJECTED,true,true,0,false
16,MUT-0016,Hash,PROVENANCE,REJECTED,REJECTED,true,true,522,false
17,MUT-0017,Signature,SIGNATURE,REJECTED,REJECTED,true,true,0,false
18,MUT-0018,Provenance,PROVENANCE,REJECTED,REJECTED,true,true,0,false
19,MUT-0019,SBOM,SBOM,REJECTED,REJECTED,true,true,0,false
20,MUT-0020,Dependency,DEPENDENCIES,REJECTED,REJECTED,true,true,0,false
21,MUT-0021,Commit,,TRUSTED,TRUSTED,false,false,0,true
22,MUT-0022,Environment,BUILD,REJECTED,REJECTED,true,true,0,false
23,MUT-0023,Filesystem,FILESYSTEM,REJECTED,REJECTED,true,true,0,false
24,MUT-0024,Network,NETWORK,REJECTED,REJECTED,true,true,0,false
25,MUT-0025,Process,PROCESS,REJECTED,REJECTED,true,true,0,false
26,MUT-0026,Timestamp,PROVENANCE,REJECTED,REJECTED,true,true,0,false
27,MUT-0027,Evidence Manifest,PROVENANCE,REJECTED,REJECTED,true,true,0,false
28,MUT-0028,Hash Chain,PROVENANCE,REJECTED,REJECTED,true,true,0,false
29,MUT-0029,Artifact,PROVENANCE,REJECTED,REJECTED,true,true,0,false
30,MUT-0030,Hash,PROVENANCE,REJECTED,REJECTED,true,true,0,false
31,MUT-0031,Signature,,TRUSTED,TRUSTED,false,false,0,true
32,MUT-0032,Provenance,PROVENANCE,REJECTED,REJECTED,true,true,0,false
33,MUT-0033,SBOM,SBOM,REJECTED,REJECTED,true,true,0,false
34,MUT-0034,Dependency,DEPENDENCIES,REJECTED,REJECTED,true,true,0,false
35,MUT-0035,Commit,SOURCE,WARNING,REJECTED,true,true,0,false
36,MUT-0036,Environment,BUILD,REJECTED,REJECTED,true,true,0,false
37,MUT-0037,Filesystem,FILESYSTEM,REJECTED,REJECTED,true,true,0,false
38,MUT-0038,Network,NETWORK,REJECTED,REJECTED,true,true,0,false
39,MUT-0039,Process,PROCESS,REJECTED,REJECTED,true,true,0,false
40,MUT-0040,Timestamp,PROVENANCE,REJECTED,REJECTED,true,true,0,false
41,MUT-0041,Evidence Manifest,,TRUSTED,TRUSTED,false,false,0,true
42,MUT-0042,Hash Chain,PROVENANCE,REJECTED,REJECTED,true,true,0,false
43,MUT-0043,Artifact,PROVENANCE,REJECTED,REJECTED,true,true,0,false
44,MUT-0044,Hash,PROVENANCE,REJECTED,REJECTED,true,true,0,false
45,MUT-0045,Signature,SIGNATURE,REJECTED,REJECTED,true,true,0,false
46,MUT-0046,Provenance,PROVENANCE,REJECTED,REJECTED,true,true,0,false
47,MUT-0047,SBOM,SBOM,REJECTED,REJECTED,true,true,0,false
48,MUT-0048,Dependency,DEPENDENCIES,REJECTED,REJECTED,true,true,0,false
49,MUT-0049,Commit,SOURCE,WARNING,REJECTED,true,true,0,false
50,MUT-0050,Environment,BUILD,REJECTED,REJECTED,true,true,0,false
51,MUT-0051,Filesystem,,TRUSTED,TRUSTED,false,false,0,true
52,MUT-0052,Network,NETWORK,REJECTED,REJECTED,true,true,0,false
53,MUT-0053,Process,PROCESS,REJECTED,REJECTED,true,true,0,false
54,MUT-0054,Timestamp,PROVENANCE,REJECTED,REJECTED,true,true,0,false
55,MUT-0055,Evidence Manifest,PROVENANCE,REJECTED,REJECTED,true,true,0,false
56,MUT-0056,Hash Chain,PROVENANCE,REJECTED,REJECTED,true,true,0,false
57,MUT-0057,Artifact,PROVENANCE,REJECTED,REJECTED,true,true,0,false
58,MUT-0058,Hash,PROVENANCE,REJECTED,REJECTED,true,true,0,false
59,MUT-0059,Signature,SIGNATURE,REJECTED,REJECTED,true,true,0,false
60,MUT-0060,Provenance,PROVENANCE,REJECTED,REJECTED,true,true,0,false
61,MUT-0061,SBOM,,TRUSTED,TRUSTED,false,false,0,true
62,MUT-0062,Dependency,DEPENDENCIES,REJECTED,REJECTED,true,true,0,false
63,MUT-0063,Commit,SOURCE,WARNING,REJECTED,true,true,0,false
64,MUT-0064,Environment,BUILD,REJECTED,REJECTED,true,true,0,false
65,MUT-0065,Filesystem,FILESYSTEM,REJECTED,REJECTED,true,true,0,false
66,MUT-0066,Network,NETWORK,REJECTED,REJECTED,true,true,0,false
67,MUT-0067,Process,PROCESS,REJECTED,REJECTED,true,true,0,false
68,MUT-0068,Timestamp,PROVENANCE,REJECTED,REJECTED,true,true,0,false
69,MUT-0069,Evidence Manifest,PROVENANCE,REJECTED,REJECTED,true,true,0,false
70,MUT-0070,Hash Chain,PROVENANCE,REJECTED,REJECTED,true,true,0,false
71,MUT-0071,Artifact,,TRUSTED,TRUSTED,false,false,526,true
72,MUT-0072,Hash,PROVENANCE,REJECTED,REJECTED,true,true,0,false
73,MUT-0073,Signature,SIGNATURE,REJECTED,REJECTED,true,true,0,false
74,MUT-0074,Provenance,PROVENANCE,REJECTED,REJECTED,true,true,0,false
75,MUT-0075,SBOM,SBOM,REJECTED,REJECTED,true,true,0,false
76,MUT-0076,Dependency,DEPENDENCIES,REJECTED,REJECTED,true,true,0,false
77,MUT-0077,Commit,SOURCE,WARNING,REJECTED,true,true,0,false
78,MUT-0078,Environment,BUILD,REJECTED,REJECTED,true,true,0,false
79,MUT-0079,Filesystem,FILESYSTEM,REJECTED,REJECTED,true,true,0,false
80,MUT-0080,Network,NETWORK,REJECTED,REJECTED,true,true,0,false
81,MUT-0081,Process,,TRUSTED,TRUSTED,false,false,0,true
82,MUT-0082,Timestamp,PROVENANCE,REJECTED,REJECTED,true,true,0,false
83,MUT-0083,Evidence Manifest,PROVENANCE,REJECTED,REJECTED,true,true,0,false
84,MUT-0084,Hash Chain,PROVENANCE,REJECTED,REJECTED,true,true,0,false
85,MUT-0085,Artifact,PROVENANCE,REJECTED,REJECTED,true,true,0,false
86,MUT-0086,Hash,PROVENANCE,REJECTED,REJECTED,true,true,0,false
87,MUT-0087,Signature,SIGNATURE,REJECTED,REJECTED,true,true,0,false
88,MUT-0088,Provenance,PROVENANCE,REJECTED,REJECTED,true,true,0,false
89,MUT-0089,SBOM,SBOM,REJECTED,REJECTED,true,true,0,false
90,MUT-0090,Dependency,DEPENDENCIES,REJECTED,REJECTED,true,true,0,false
91,MUT-0091,Commit,,TRUSTED,TRUSTED,false,false,0,true
92,MUT-0092,Environment,BUILD,REJECTED,REJECTED,true,true,0,false
93,MUT-0093,Filesystem,FILESYSTEM,REJECTED,REJECTED,true,true,0,false
94,MUT-0094,Network,NETWORK,REJECTED,REJECTED,true,true,0,false
95,MUT-0095,Process,PROCESS,REJECTED,REJECTED,true,true,0,false
96,MUT-0096,Timestamp,PROVENANCE,REJECTED,REJECTED,true,true,0,false
97,MUT-0097,Evidence Manifest,PROVENANCE,REJECTED,REJECTED,true,true,0,false
98,MUT-0098,Hash Chain,PROVENANCE,REJECTED,REJECTED,true,true,0,false
99,MUT-0099,Artifact,PROVENANCE,REJECTED,REJECTED,true,true,0,false
100,MUT-0100,Hash,PROVENANCE,REJECTED,REJECTED,true,true,0,false
101,MUT-0101,Signature,,TRUSTED,TRUSTED,false,false,0,true
102,MUT-0102,Provenance,PROVENANCE,REJECTED,REJECTED,true,true,0,false
103,MUT-0103,SBOM,SBOM,REJECTED,REJECTED,true,true,0,false
104,MUT-0104,Dependency,DEPENDENCIES,REJECTED,REJECTED,true,true,525,false
105,MUT-0105,Commit,SOURCE,WARNING,REJECTED,true,true,0,false
106,MUT-0106,Environment,BUILD,REJECTED,REJECTED,true,true,0,false
107,MUT-0107,Filesystem,FILESYSTEM,REJECTED,REJECTED,true,true,0,false
108,MUT-0108,Network,NETWORK,REJECTED,REJECTED,true,true,0,false
109,MUT-0109,Process,PROCESS,REJECTED,REJECTED,true,true,0,false
110,MUT-0110,Timestamp,PROVENANCE,REJECTED,REJECTED,true,true,0,false
111,MUT-0111,Evidence Manifest,,TRUSTED,TRUSTED,false,false,0,true
112,MUT-0112,Hash Chain,PROVENANCE,REJECTED,REJECTED,true,true,0,false
113,MUT-0113,Artifact,PROVENANCE,REJECTED,REJECTED,true,true,0,false
114,MUT-0114,Hash,PROVENANCE,REJECTED,REJECTED,true,true,0,false
115,MUT-0115,Signature,SIGNATURE,REJECTED,REJECTED,true,true,0,false
116,MUT-0116,Provenance,PROVENANCE,REJECTED,REJECTED,true,true,0,false
117,MUT-0117,SBOM,SBOM,REJECTED,REJECTED,true,true,0,false
118,MUT-0118,Dependency,DEPENDENCIES,REJECTED,REJECTED,true,true,0,false
119,MUT-0119,Commit,SOURCE,WARNING,REJECTED,true,true,0,false
120,MUT-0120,Environment,BUILD,REJECTED,REJECTED,true,true,0,false
121,MUT-0121,Filesystem,,TRUSTED,TRUSTED,false,false,0,true
122,MUT-0122,Network,NETWORK,REJECTED,REJECTED,true,true,0,false
123,MUT-0123,Process,PROCESS,REJECTED,REJECTED,true,true,0,false
124,MUT-0124,Timestamp,PROVENANCE,REJECTED,REJECTED,true,true,0,false
125,MUT-0125,Evidence Manifest,PROVENANCE,REJECTED,REJECTED,true,true,0,false
126,MUT-0126,Hash Chain,PROVENANCE,REJECTED,REJECTED,true,true,0,false
127,MUT-0127,Artifact,PROVENANCE,REJECTED,REJECTED,true,true,0,false
128,MUT-0128,Hash,PROVENANCE,REJECTED,REJECTED,true,true,0,false
129,MUT-0129,Signature,SIGNATURE,REJECTED,REJECTED,true,true,0,false
130,MUT-0130,Provenance,PROVENANCE,REJECTED,REJECTED,true,true,0,false
131,MUT-0131,SBOM,,TRUSTED,TRUSTED,false,false,0,true
132,MUT-0132,Dependency,DEPENDENCIES,REJECTED,REJECTED,true,true,0,false
133,MUT-0133,Commit,SOURCE,WARNING,REJECTED,true,true,0,false
134,MUT-0134,Environment,BUILD,REJECTED,REJECTED,true,true,0,false
135,MUT-0135,Filesystem,FILESYSTEM,REJECTED,REJECTED,true,true,0,false
136,MUT-0136,Network,NETWORK,REJECTED,REJECTED,true,true,0,false
137,MUT-0137,Process,PROCESS,REJECTED,REJECTED,true,true,0,false
138,MUT-0138,Timestamp,PROVENANCE,REJECTED,REJECTED,true,true,523,false
139,MUT-0139,Evidence Manifest,PROVENANCE,REJECTED,REJECTED,true,true,0,false
140,MUT-0140,Hash Chain,PROVENANCE,REJECTED,REJECTED,true,true,0,false
141,MUT-0141,Artifact,,TRUSTED,TRUSTED,false,false,0,true
142,MUT-0142,Hash,PROVENANCE,REJECTED,REJECTED,true,true,0,false
143,MUT-0143,Signature,SIGNATURE,REJECTED,REJECTED,true,true,0,false
144,MUT-0144,Provenance,PROVENANCE,REJECTED,REJECTED,true,true,0,false
145,MUT-0145,SBOM,SBOM,REJECTED,REJECTED,true,true,0,false
146,MUT-0146,Dependency,DEPENDENCIES,REJECTED,REJECTED,true,true,0,false
147,MUT-0147,Commit,SOURCE,WARNING,REJECTED,true,true,0,false
148,MUT-0148,Environment,BUILD,REJECTED,REJECTED,true,true,0,false
149,MUT-0149,Filesystem,FILESYSTEM,REJECTED,REJECTED,true,true,0,false
150,MUT-0150,Network,NETWORK,REJECTED,REJECTED,true,true,0,false
151,MUT-0151,Process,,TRUSTED,TRUSTED,false,false,0,true
152,MUT-0152,Timestamp,PROVENANCE,REJECTED,REJECTED,true,true,0,false
153,MUT-0153,Evidence Manifest,PROVENANCE,REJECTED,REJECTED,true,true,0,false
154,MUT-0154,Hash Chain,PROVENANCE,REJECTED,REJECTED,true,true,0,false
155,MUT-0155,Artifact,PROVENANCE,REJECTED,REJECTED,true,true,0,false
156,MUT-0156,Hash,PROVENANCE,REJECTED,REJECTED,true,true,0,false
157,MUT-0157,Signature,SIGNATURE,REJECTED,REJECTED,true,true,0,false
158,MUT-0158,Provenance,PROVENANCE,REJECTED,REJECTED,true,true,0,false
159,MUT-0159,SBOM,SBOM,REJECTED,REJECTED,true,true,0,false
160,MUT-0160,Dependency,DEPENDENCIES,REJECTED,REJECTED,true,true,0,false
161,MUT-0161,Commit,,TRUSTED,TRUSTED,false,false,0,true
162,MUT-0162,Environment,BUILD,REJECTED,REJECTED,true,true,0,false
163,MUT-0163,Filesystem,FILESYSTEM,REJECTED,REJECTED,true,true,0,false
164,MUT-0164,Network,NETWORK,REJECTED,REJECTED,true,true,0,false
165,MUT-0165,Process,PROCESS,REJECTED,REJECTED,true,true,0,false
166,MUT-0166,Timestamp,PROVENANCE,REJECTED,REJECTED,true,true,0,false
167,MUT-0167,Evidence Manifest,PROVENANCE,REJECTED,REJECTED,true,true,0,false
168,MUT-0168,Hash Chain,PROVENANCE,REJECTED,REJECTED,true,true,0,false
169,MUT-0169,Artifact,PROVENANCE,REJECTED,REJECTED,true,true,0,false
170,MUT-0170,Hash,PROVENANCE,REJECTED,REJECTED,true,true,0,false
171,MUT-0171,Signature,,TRUSTED,TRUSTED,false,false,520,true
172,MUT-0172,Provenance,PROVENANCE,REJECTED,REJECTED,true,true,0,false
173,MUT-0173,SBOM,SBOM,REJECTED,REJECTED,true,true,0,false
174,MUT-0174,Dependency,DEPENDENCIES,REJECTED,REJECTED,true,true,0,false
175,MUT-0175,Commit,SOURCE,WARNING,REJECTED,true,true,0,false
176,MUT-0176,Environment,BUILD,REJECTED,REJECTED,true,true,0,false
177,MUT-0177,Filesystem,FILESYSTEM,REJECTED,REJECTED,true,true,0,false
178,MUT-0178,Network,NETWORK,REJECTED,REJECTED,true,true,0,false
179,MUT-0179,Process,PROCESS,REJECTED,REJECTED,true,true,0,false
180,MUT-0180,Timestamp,PROVENANCE,REJECTED,REJECTED,true,true,0,false
181,MUT-0181,Evidence Manifest,,TRUSTED,TRUSTED,false,false,0,true
182,MUT-0182,Hash Chain,PROVENANCE,REJECTED,REJECTED,true,true,0,false
183,MUT-0183,Artifact,PROVENANCE,REJECTED,REJECTED,true,true,0,false
184,MUT-0184,Hash,PROVENANCE,REJECTED,REJECTED,true,true,0,false
185,MUT-0185,Signature,SIGNATURE,REJECTED,REJECTED,true,true,0,false
186,MUT-0186,Provenance,PROVENANCE,REJECTED,REJECTED,true,true,0,false
187,MUT-0187,SBOM,SBOM,REJECTED,REJECTED,true,true,0,false
188,MUT-0188,Dependency,DEPENDENCIES,REJECTED,REJECTED,true,true,0,false
189,MUT-0189,Commit,SOURCE,WARNING,REJECTED,true,true,0,false
190,MUT-0190,Environment,BUILD,REJECTED,REJECTED,true,true,0,false
191,MUT-0191,Filesystem,,TRUSTED,TRUSTED,false,false,0,true
192,MUT-0192,Network,NETWORK,REJECTED,REJECTED,true,true,0,false
193,MUT-0193,Process,PROCESS,REJECTED,REJECTED,true,true,0,false
194,MUT-0194,Timestamp,PROVENANCE,REJECTED,REJECTED,true,true,0,false
195,MUT-0195,Evidence Manifest,PROVENANCE,REJECTED,REJECTED,true,true,0,false
196,MUT-0196,Hash Chain,PROVENANCE,REJECTED,REJECTED,true,true,0,false
197,MUT-0197,Artifact,PROVENANCE,REJECTED,REJECTED,true,true,0,false
198,MUT-0198,Hash,PROVENANCE,REJECTED,REJECTED,true,true,0,false
199,MUT-0199,Signature,SIGNATURE,REJECTED,REJECTED,true,true,0,false
200,MUT-0200,Provenance,PROVENANCE,REJECTED,REJECTED,true,true,0,false
201,MUT-0201,SBOM,,TRUSTED,TRUSTED,false,false,0,true
202,MUT-0202,Dependency,DEPENDENCIES,REJECTED,REJECTED,true,true,0,false
203,MUT-0203,Commit,SOURCE,WARNING,REJECTED,true,true,0,false
204,MUT-0204,Environment,BUILD,REJECTED,REJECTED,true,true,0,false
205,MUT-0205,Filesystem,FILESYSTEM,REJECTED,REJECTED,true,true,0,false
206,MUT-0206,Network,NETWORK,REJECTED,REJECTED,true,true,522,false
207,MUT-0207,Process,PROCESS,REJECTED,REJECTED,true,true,0,false
208,MUT-0208,Timestamp,PROVENANCE,REJECTED,REJECTED,true,true,0,false
209,MUT-0209,Evidence Manifest,PROVENANCE,REJECTED,REJECTED,true,true,0,false
210,MUT-0210,Hash Chain,PROVENANCE,REJECTED,REJECTED,true,true,0,false
211,MUT-0211,Artifact,,TRUSTED,TRUSTED,false,false,0,true
212,MUT-0212,Hash,PROVENANCE,REJECTED,REJECTED,true,true,0,false
213,MUT-0213,Signature,SIGNATURE,REJECTED,REJECTED,true,true,0,false
214,MUT-0214,Provenance,PROVENANCE,REJECTED,REJECTED,true,true,0,false
215,MUT-0215,SBOM,SBOM,REJECTED,REJECTED,true,true,0,false
216,MUT-0216,Dependency,DEPENDENCIES,REJECTED,REJECTED,true,true,0,false
217,MUT-0217,Commit,SOURCE,WARNING,REJECTED,true,true,0,false
218,MUT-0218,Environment,BUILD,REJECTED,REJECTED,true,true,0,false
219,MUT-0219,Filesystem,FILESYSTEM,REJECTED,REJECTED,true,true,0,false
220,MUT-0220,Network,NETWORK,REJECTED,REJECTED,true,true,0,false
221,MUT-0221,Process,,TRUSTED,TRUSTED,false,false,0,true
222,MUT-0222,Timestamp,PROVENANCE,REJECTED,REJECTED,true,true,0,false
223,MUT-0223,Evidence Manifest,PROVENANCE,REJECTED,REJECTED,true,true,0,false
224,MUT-0224,Hash Chain,PROVENANCE,REJECTED,REJECTED,true,true,0,false
225,MUT-0225,Artifact,PROVENANCE,REJECTED,REJECTED,true,true,0,false
226,MUT-0226,Hash,PROVENANCE,REJECTED,REJECTED,true,true,0,false
227,MUT-0227,Signature,SIGNATURE,REJECTED,REJECTED,true,true,0,false
228,MUT-0228,Provenance,PROVENANCE,REJECTED,REJECTED,true,true,0,false
229,MUT-0229,SBOM,SBOM,REJECTED,REJECTED,true,true,0,false
230,MUT-0230,Dependency,DEPENDENCIES,REJECTED,REJECTED,true,true,0,false
231,MUT-0231,Commit,,TRUSTED,TRUSTED,false,false,0,true
232,MUT-0232,Environment,BUILD,REJECTED,REJECTED,true,true,0,false
233,MUT-0233,Filesystem,FILESYSTEM,REJECTED,REJECTED,true,true,0,false
234,MUT-0234,Network,NETWORK,REJECTED,REJECTED,true,true,0,false
235,MUT-0235,Process,PROCESS,REJECTED,REJECTED,true,true,0,false
236,MUT-0236,Timestamp,PROVENANCE,REJECTED,REJECTED,true,true,0,false
237,MUT-0237,Evidence Manifest,PROVENANCE,REJECTED,REJECTED,true,true,0,false
238,MUT-0238,Hash Chain,PROVENANCE,REJECTED,REJECTED,true,true,0,false
239,MUT-0239,Artifact,PROVENANCE,REJECTED,REJECTED,true,true,0,false
240,MUT-0240,Hash,PROVENANCE,REJECTED,REJECTED,true,true,0,false
241,MUT-0241,Signature,,TRUSTED,TRUSTED,false,false,0,true
242,MUT-0242,Provenance,PROVENANCE,REJECTED,REJECTED,true,true,0,false
243,MUT-0243,SBOM,SBOM,REJECTED,REJECTED,true,true,0,false
244,MUT-0244,Dependency,DEPENDENCIES,REJECTED,REJECTED,true,true,0,false
245,MUT-0245,Commit,SOURCE,WARNING,REJECTED,true,true,0,false
246,MUT-0246,Environment,BUILD,REJECTED,REJECTED,true,true,0,false
247,MUT-0247,Filesystem,FILESYSTEM,REJECTED,REJECTED,true,true,0,false
248,MUT-0248,Network,NETWORK,REJECTED,REJECTED,true,true,0,false
249,MUT-0249,Process,PROCESS,REJECTED,REJECTED,true,true,0,false
250,MUT-0250,Timestamp,PROVENANCE,REJECTED,REJECTED,true,true,0,false
251,MUT-0251,Evidence Manifest,,TRUSTED,TRUSTED,false,false,0,true
252,MUT-0252,Hash Chain,PROVENANCE,REJECTED,REJECTED,true,true,0,false
253,MUT-0253,Artifact,PROVENANCE,REJECTED,REJECTED,true,true,0,false
254,MUT-0254,Hash,PROVENANCE,REJECTED,REJECTED,true,true,0,false
255,MUT-0255,Signature,SIGNATURE,REJECTED,REJECTED,true,true,0,false
256,MUT-0256,Provenance,PROVENANCE,REJECTED,REJECTED,true,true,0,false
257,MUT-0257,SBOM,SBOM,REJECTED,REJECTED,true,true,0,false
258,MUT-0258,Dependency,DEPENDENCIES,REJECTED,REJECTED,true,true,0,false
259,MUT-0259,Commit,SOURCE,WARNING,REJECTED,true,true,0,false
260,MUT-0260,Environment,BUILD,REJECTED,REJECTED,true,true,0,false
261,MUT-0261,Filesystem,,TRUSTED,TRUSTED,false,false,0,true
262,MUT-0262,Network,NETWORK,REJECTED,REJECTED,true,true,0,false
263,MUT-0263,Process,PROCESS,REJECTED,REJECTED,true,true,0,false
264,MUT-0264,Timestamp,PROVENANCE,REJECTED,REJECTED,true,true,0,false
265,MUT-0265,Evidence Manifest,PROVENANCE,REJECTED,REJECTED,true,true,0,false
266,MUT-0266,Hash Chain,PROVENANCE,REJECTED,REJECTED,true,true,0,false
267,MUT-0267,Artifact,PROVENANCE,REJECTED,REJECTED,true,true,0,false
268,MUT-0268,Hash,PROVENANCE,REJECTED,REJECTED,true,true,0,false
269,MUT-0269,Signature,SIGNATURE,REJECTED,REJECTED,true,true,526,false
270,MUT-0270,Provenance,PROVENANCE,REJECTED,REJECTED,true,true,0,false
271,MUT-0271,SBOM,,TRUSTED,TRUSTED,false,false,0,true
272,MUT-0272,Dependency,DEPENDENCIES,REJECTED,REJECTED,true,true,0,false
273,MUT-0273,Commit,SOURCE,WARNING,REJECTED,true,true,0,false
274,MUT-0274,Environment,BUILD,REJECTED,REJECTED,true,true,0,false
275,MUT-0275,Filesystem,FILESYSTEM,REJECTED,REJECTED,true,true,0,false
276,MUT-0276,Network,NETWORK,REJECTED,REJECTED,true,true,529,false
277,MUT-0277,Process,PROCESS,REJECTED,REJECTED,true,true,0,false
278,MUT-0278,Timestamp,PROVENANCE,REJECTED,REJECTED,true,true,0,false
279,MUT-0279,Evidence Manifest,PROVENANCE,REJECTED,REJECTED,true,true,0,false
280,MUT-0280,Hash Chain,PROVENANCE,REJECTED,REJECTED,true,true,0,false
281,MUT-0281,Artifact,,TRUSTED,TRUSTED,false,false,0,true
282,MUT-0282,Hash,PROVENANCE,REJECTED,REJECTED,true,true,0,false
283,MUT-0283,Signature,SIGNATURE,REJECTED,REJECTED,true,true,0,false
284,MUT-0284,Provenance,PROVENANCE,REJECTED,REJECTED,true,true,0,false
285,MUT-0285,SBOM,SBOM,REJECTED,REJECTED,true,true,0,false
286,MUT-0286,Dependency,DEPENDENCIES,REJECTED,REJECTED,true,true,0,false
287,MUT-0287,Commit,SOURCE,WARNING,REJECTED,true,true,0,false
288,MUT-0288,Environment,BUILD,REJECTED,REJECTED,true,true,532,false
289,MUT-0289,Filesystem,FILESYSTEM,REJECTED,REJECTED,true,true,0,false
290,MUT-0290,Network,NETWORK,REJECTED,REJECTED,true,true,0,false
291,MUT-0291,Process,,TRUSTED,TRUSTED,false,false,0,true
292,MUT-0292,Timestamp,PROVENANCE,REJECTED,REJECTED,true,true,0,false
293,MUT-0293,Evidence Manifest,PROVENANCE,REJECTED,REJECTED,true,true,0,false
294,MUT-0294,Hash Chain,PROVENANCE,REJECTED,REJECTED,true,true,0,false
295,MUT-0295,Artifact,PROVENANCE,REJECTED,REJECTED,true,true,0,false
296,MUT-0296,Hash,PROVENANCE,REJECTED,REJECTED,true,true,0,false
297,MUT-0297,Signature,SIGNATURE,REJECTED,REJECTED,true,true,0,false
298,MUT-0298,Provenance,PROVENANCE,REJECTED,REJECTED,true,true,0,false
299,MUT-0299,SBOM,SBOM,REJECTED,REJECTED,true,true,0,false
300,MUT-0300,Dependency,DEPENDENCIES,REJECTED,REJECTED,true,true,0,false
301,MUT-0301,Commit,,TRUSTED,TRUSTED,false,false,0,true
302,MUT-0302,Environment,BUILD,REJECTED,REJECTED,true,true,0,false
303,MUT-0303,Filesystem,FILESYSTEM,REJECTED,REJECTED,true,true,0,false
304,MUT-0304,Network,NETWORK,REJECTED,REJECTED,true,true,0,false
305,MUT-0305,Process,PROCESS,REJECTED,REJECTED,true,true,0,false
306,MUT-0306,Timestamp,PROVENANCE,REJECTED,REJECTED,true,true,0,false
307,MUT-0307,Evidence Manifest,PROVENANCE,REJECTED,REJECTED,true,true,0,false
308,MUT-0308,Hash Chain,PROVENANCE,REJECTED,REJECTED,true,true,0,false
309,MUT-0309,Artifact,PROVENANCE,REJECTED,REJECTED,true,true,0,false
310,MUT-0310,Hash,PROVENANCE,REJECTED,REJECTED,true,true,0,false
311,MUT-0311,Signature,,TRUSTED,TRUSTED,false,false,0,true
312,MUT-0312,Provenance,PROVENANCE,REJECTED,REJECTED,true,true,0,false
313,MUT-0313,SBOM,SBOM,REJECTED,REJECTED,true,true,0,false
314,MUT-0314,Dependency,DEPENDENCIES,REJECTED,REJECTED,true,true,0,false
315,MUT-0315,Commit,SOURCE,WARNING,REJECTED,true,true,0,false
316,MUT-0316,Environment,BUILD,REJECTED,REJECTED,true,true,0,false
317,MUT-0317,Filesystem,FILESYSTEM,REJECTED,REJECTED,true,true,0,false
318,MUT-0318,Network,NETWORK,REJECTED,REJECTED,true,true,0,false
319,MUT-0319,Process,PROCESS,REJECTED,REJECTED,true,true,0,false
320,MUT-0320,Timestamp,PROVENANCE,REJECTED,REJECTED,true,true,0,false
321,MUT-0321,Evidence Manifest,,TRUSTED,TRUSTED,false,false,0,true
322,MUT-0322,Hash Chain,PROVENANCE,REJECTED,REJECTED,true,true,0,false
323,MUT-0323,Artifact,PROVENANCE,REJECTED,REJECTED,true,true,545,false
324,MUT-0324,Hash,PROVENANCE,REJECTED,REJECTED,true,true,0,false
325,MUT-0325,Signature,SIGNATURE,REJECTED,REJECTED,true,true,0,false
326,MUT-0326,Provenance,PROVENANCE,REJECTED,REJECTED,true,true,0,false
327,MUT-0327,SBOM,SBOM,REJECTED,REJECTED,true,true,0,false
328,MUT-0328,Dependency,DEPENDENCIES,REJECTED,REJECTED,true,true,0,false
329,MUT-0329,Commit,SOURCE,WARNING,REJECTED,true,true,0,false
330,MUT-0330,Environment,BUILD,REJECTED,REJECTED,true,true,0,false
331,MUT-0331,Filesystem,,TRUSTED,TRUSTED,false,false,0,true
332,MUT-0332,Network,NETWORK,REJECTED,REJECTED,true,true,0,false
333,MUT-0333,Process,PROCESS,REJECTED,REJECTED,true,true,0,false
334,MUT-0334,Timestamp,PROVENANCE,REJECTED,REJECTED,true,true,0,false
335,MUT-0335,Evidence Manifest,PROVENANCE,REJECTED,REJECTED,true,true,0,false
336,MUT-0336,Hash Chain,PROVENANCE,REJECTED,REJECTED,true,true,0,false
337,MUT-0337,Artifact,PROVENANCE,REJECTED,REJECTED,true,true,0,false
338,MUT-0338,Hash,PROVENANCE,REJECTED,REJECTED,true,true,0,false
339,MUT-0339,Signature,SIGNATURE,REJECTED,REJECTED,true,true,0,false
340,MUT-0340,Provenance,PROVENANCE,REJECTED,REJECTED,true,true,0,false
341,MUT-0341,SBOM,,TRUSTED,TRUSTED,false,false,0,true
342,MUT-0342,Dependency,DEPENDENCIES,REJECTED,REJECTED,true,true,0,false
343,MUT-0343,Commit,SOURCE,WARNING,REJECTED,true,true,0,false
344,MUT-0344,Environment,BUILD,REJECTED,REJECTED,true,true,0,false
345,MUT-0345,Filesystem,FILESYSTEM,REJECTED,REJECTED,true,true,0,false
346,MUT-0346,Network,NETWORK,REJECTED,REJECTED,true,true,0,false
347,MUT-0347,Process,PROCESS,REJECTED,REJECTED,true,true,0,false
348,MUT-0348,Timestamp,PROVENANCE,REJECTED,REJECTED,true,true,0,false
349,MUT-0349,Evidence Manifest,PROVENANCE,REJECTED,REJECTED,true,true,0,false
350,MUT-0350,Hash Chain,PROVENANCE,REJECTED,REJECTED,true,true,0,false
351,MUT-0351,Artifact,,TRUSTED,TRUSTED,false,false,0,true
352,MUT-0352,Hash,PROVENANCE,REJECTED,REJECTED,true,true,0,false
353,MUT-0353,Signature,SIGNATURE,REJECTED,REJECTED,true,true,0,false
354,MUT-0354,Provenance,PROVENANCE,REJECTED,REJECTED,true,true,0,false
355,MUT-0355,SBOM,SBOM,REJECTED,REJECTED,true,true,523,false
356,MUT-0356,Dependency,DEPENDENCIES,REJECTED,REJECTED,true,true,0,false
357,MUT-0357,Commit,SOURCE,WARNING,REJECTED,true,true,0,false
358,MUT-0358,Environment,BUILD,REJECTED,REJECTED,true,true,0,false
359,MUT-0359,Filesystem,FILESYSTEM,REJECTED,REJECTED,true,true,0,false
360,MUT-0360,Network,NETWORK,REJECTED,REJECTED,true,true,0,false
361,MUT-0361,Process,,TRUSTED,TRUSTED,false,false,0,true
362,MUT-0362,Timestamp,PROVENANCE,REJECTED,REJECTED,true,true,0,false
363,MUT-0363,Evidence Manifest,PROVENANCE,REJECTED,REJECTED,true,true,0,false
364,MUT-0364,Hash Chain,PROVENANCE,REJECTED,REJECTED,true,true,0,false
365,MUT-0365,Artifact,PROVENANCE,REJECTED,REJECTED,true,true,0,false
366,MUT-0366,Hash,PROVENANCE,REJECTED,REJECTED,true,true,0,false
367,MUT-0367,Signature,SIGNATURE,REJECTED,REJECTED,true,true,0,false
368,MUT-0368,Provenance,PROVENANCE,REJECTED,REJECTED,true,true,0,false
369,MUT-0369,SBOM,SBOM,REJECTED,REJECTED,true,true,0,false
370,MUT-0370,Dependency,DEPENDENCIES,REJECTED,REJECTED,true,true,0,false
371,MUT-0371,Commit,,TRUSTED,TRUSTED,false,false,0,true
372,MUT-0372,Environment,BUILD,REJECTED,REJECTED,true,true,0,false
373,MUT-0373,Filesystem,FILESYSTEM,REJECTED,REJECTED,true,true,0,false
374,MUT-0374,Network,NETWORK,REJECTED,REJECTED,true,true,0,false
375,MUT-0375,Process,PROCESS,REJECTED,REJECTED,true,true,0,false
376,MUT-0376,Timestamp,PROVENANCE,REJECTED,REJECTED,true,true,0,false
377,MUT-0377,Evidence Manifest,PROVENANCE,REJECTED,REJECTED,true,true,0,false
378,MUT-0378,Hash Chain,PROVENANCE,REJECTED,REJECTED,true,true,0,false
379,MUT-0379,Artifact,PROVENANCE,REJECTED,REJECTED,true,true,0,false
380,MUT-0380,Hash,PROVENANCE,REJECTED,REJECTED,true,true,0,false
381,MUT-0381,Signature,,TRUSTED,TRUSTED,false,false,0,true
382,MUT-0382,Provenance,PROVENANCE,REJECTED,REJECTED,true,true,0,false
383,MUT-0383,SBOM,SBOM,REJECTED,REJECTED,true,true,0,false
384,MUT-0384,Dependency,DEPENDENCIES,REJECTED,REJECTED,true,true,0,false
385,MUT-0385,Commit,SOURCE,WARNING,REJECTED,true,true,0,false
386,MUT-0386,Environment,BUILD,REJECTED,REJECTED,true,true,0,false
387,MUT-0387,Filesystem,FILESYSTEM,REJECTED,REJECTED,true,true,0,false
388,MUT-0388,Network,NETWORK,REJECTED,REJECTED,true,true,0,false
389,MUT-0389,Process,PROCESS,REJECTED,REJECTED,true,true,0,false
390,MUT-0390,Timestamp,PROVENANCE,REJECTED,REJECTED,true,true,0,false
391,MUT-0391,Evidence Manifest,,TRUSTED,TRUSTED,false,false,0,true
392,MUT-0392,Hash Chain,PROVENANCE,REJECTED,REJECTED,true,true,0,false
393,MUT-0393,Artifact,PROVENANCE,REJECTED,REJECTED,true,true,0,false
394,MUT-0394,Hash,PROVENANCE,REJECTED,REJECTED,true,true,0,false
395,MUT-0395,Signature,SIGNATURE,REJECTED,REJECTED,true,true,0,false
396,MUT-0396,Provenance,PROVENANCE,REJECTED,REJECTED,true,true,0,false
397,MUT-0397,SBOM,SBOM,REJECTED,REJECTED,true,true,0,false
398,MUT-0398,Dependency,DEPENDENCIES,REJECTED,REJECTED,true,true,0,false
399,MUT-0399,Commit,SOURCE,WARNING,REJECTED,true,true,0,false
400,MUT-0400,Environment,BUILD,REJECTED,REJECTED,true,true,0,false
401,MUT-0401,Filesystem,,TRUSTED,TRUSTED,false,false,0,true
402,MUT-0402,Network,NETWORK,REJECTED,REJECTED,true,true,0,false
403,MUT-0403,Process,PROCESS,REJECTED,REJECTED,true,true,0,false
404,MUT-0404,Timestamp,PROVENANCE,REJECTED,REJECTED,true,true,0,false
405,MUT-0405,Evidence Manifest,PROVENANCE,REJECTED,REJECTED,true,true,0,false
406,MUT-0406,Hash Chain,PROVENANCE,REJECTED,REJECTED,true,true,0,false
407,MUT-0407,Artifact,PROVENANCE,REJECTED,REJECTED,true,true,0,false
408,MUT-0408,Hash,PROVENANCE,REJECTED,REJECTED,true,true,0,false
409,MUT-0409,Signature,SIGNATURE,REJECTED,REJECTED,true,true,0,false
410,MUT-0410,Provenance,PROVENANCE,REJECTED,REJECTED,true,true,0,false
411,MUT-0411,SBOM,,TRUSTED,TRUSTED,false,false,0,true
412,MUT-0412,Dependency,DEPENDENCIES,REJECTED,REJECTED,true,true,0,false
413,MUT-0413,Commit,SOURCE,WARNING,REJECTED,true,true,0,false
414,MUT-0414,Environment,BUILD,REJECTED,REJECTED,true,true,0,false
415,MUT-0415,Filesystem,FILESYSTEM,REJECTED,REJECTED,true,true,0,false
416,MUT-0416,Network,NETWORK,REJECTED,REJECTED,true,true,0,false
417,MUT-0417,Process,PROCESS,REJECTED,REJECTED,true,true,0,false
418,MUT-0418,Timestamp,PROVENANCE,REJECTED,REJECTED,true,true,0,false
419,MUT-0419,Evidence Manifest,PROVENANCE,REJECTED,REJECTED,true,true,0,false
420,MUT-0420,Hash Chain,PROVENANCE,REJECTED,REJECTED,true,true,0,false
421,MUT-0421,Artifact,,TRUSTED,TRUSTED,false,false,0,true
422,MUT-0422,Hash,PROVENANCE,REJECTED,REJECTED,true,true,0,false
423,MUT-0423,Signature,SIGNATURE,REJECTED,REJECTED,true,true,0,false
424,MUT-0424,Provenance,PROVENANCE,REJECTED,REJECTED,true,true,0,false
425,MUT-0425,SBOM,SBOM,REJECTED,REJECTED,true,true,0,false
426,MUT-0426,Dependency,DEPENDENCIES,REJECTED,REJECTED,true,true,0,false
427,MUT-0427,Commit,SOURCE,WARNING,REJECTED,true,true,0,false
428,MUT-0428,Environment,BUILD,REJECTED,REJECTED,true,true,0,false
429,MUT-0429,Filesystem,FILESYSTEM,REJECTED,REJECTED,true,true,0,false
430,MUT-0430,Network,NETWORK,REJECTED,REJECTED,true,true,0,false
431,MUT-0431,Process,,TRUSTED,TRUSTED,false,false,0,true
432,MUT-0432,Timestamp,PROVENANCE,REJECTED,REJECTED,true,true,0,false
433,MUT-0433,Evidence Manifest,PROVENANCE,REJECTED,REJECTED,true,true,0,false
434,MUT-0434,Hash Chain,PROVENANCE,REJECTED,REJECTED,true,true,0,false
435,MUT-0435,Artifact,PROVENANCE,REJECTED,REJECTED,true,true,0,false
436,MUT-0436,Hash,PROVENANCE,REJECTED,REJECTED,true,true,0,false
437,MUT-0437,Signature,SIGNATURE,REJECTED,REJECTED,true,true,0,false
438,MUT-0438,Provenance,PROVENANCE,REJECTED,REJECTED,true,true,528,false
439,MUT-0439,SBOM,SBOM,REJECTED,REJECTED,true,true,0,false
440,MUT-0440,Dependency,DEPENDENCIES,REJECTED,REJECTED,true,true,0,false
441,MUT-0441,Commit,,TRUSTED,TRUSTED,false,false,0,true
442,MUT-0442,Environment,BUILD,REJECTED,REJECTED,true,true,0,false
443,MUT-0443,Filesystem,FILESYSTEM,REJECTED,REJECTED,true,true,0,false
444,MUT-0444,Network,NETWORK,REJECTED,REJECTED,true,true,0,false
445,MUT-0445,Process,PROCESS,REJECTED,REJECTED,true,true,0,false
446,MUT-0446,Timestamp,PROVENANCE,REJECTED,REJECTED,true,true,0,false
447,MUT-0447,Evidence Manifest,PROVENANCE,REJECTED,REJECTED,true,true,0,false
448,MUT-0448,Hash Chain,PROVENANCE,REJECTED,REJECTED,true,true,0,false
449,MUT-0449,Artifact,PROVENANCE,REJECTED,REJECTED,true,true,0,false
450,MUT-0450,Hash,PROVENANCE,REJECTED,REJECTED,true,true,0,false
451,MUT-0451,Signature,,TRUSTED,TRUSTED,false,false,0,true
452,MUT-0452,Provenance,PROVENANCE,REJECTED,REJECTED,true,true,0,false
453,MUT-0453,SBOM,SBOM,REJECTED,REJECTED,true,true,0,false
454,MUT-0454,Dependency,DEPENDENCIES,REJECTED,REJECTED,true,true,0,false
455,MUT-0455,Commit,SOURCE,WARNING,REJECTED,true,true,0,false
456,MUT-0456,Environment,BUILD,REJECTED,REJECTED,true,true,0,false
457,MUT-0457,Filesystem,FILESYSTEM,REJECTED,REJECTED,true,true,0,false
458,MUT-0458,Network,NETWORK,REJECTED,REJECTED,true,true,0,false
459,MUT-0459,Process,PROCESS,REJECTED,REJECTED,true,true,0,false
460,MUT-0460,Timestamp,PROVENANCE,REJECTED,REJECTED,true,true,0,false
461,MUT-0461,Evidence Manifest,,TRUSTED,TRUSTED,false,false,0,true
462,MUT-0462,Hash Chain,PROVENANCE,REJECTED,REJECTED,true,true,0,false
463,MUT-0463,Artifact,PROVENANCE,REJECTED,REJECTED,true,true,0,false
464,MUT-0464,Hash,PROVENANCE,REJECTED,REJECTED,true,true,0,false
465,MUT-0465,Signature,SIGNATURE,REJECTED,REJECTED,true,true,0,false
466,MUT-0466,Provenance,PROVENANCE,REJECTED,REJECTED,true,true,0,false
467,MUT-0467,SBOM,SBOM,REJECTED,REJECTED,true,true,0,false
468,MUT-0468,Dependency,DEPENDENCIES,REJECTED,REJECTED,true,true,0,false
469,MUT-0469,Commit,SOURCE,WARNING,REJECTED,true,true,0,false
470,MUT-0470,Environment,BUILD,REJECTED,REJECTED,true,true,0,false
471,MUT-0471,Filesystem,,TRUSTED,TRUSTED,false,false,0,true
472,MUT-0472,Network,NETWORK,REJECTED,REJECTED,true,true,0,false
473,MUT-0473,Process,PROCESS,REJECTED,REJECTED,true,true,0,false
474,MUT-0474,Timestamp,PROVENANCE,REJECTED,REJECTED,true,true,0,false
475,MUT-0475,Evidence Manifest,PROVENANCE,REJECTED,REJECTED,true,true,0,false
476,MUT-0476,Hash Chain,PROVENANCE,REJECTED,REJECTED,true,true,0,false
477,MUT-0477,Artifact,PROVENANCE,REJECTED,REJECTED,true,true,0,false
478,MUT-0478,Hash,PROVENANCE,REJECTED,REJECTED,true,true,524,false
479,MUT-0479,Signature,SIGNATURE,REJECTED,REJECTED,true,true,0,false
480,MUT-0480,Provenance,PROVENANCE,REJECTED,REJECTED,true,true,0,false
481,MUT-0481,SBOM,,TRUSTED,TRUSTED,false,false,0,true
482,MUT-0482,Dependency,DEPENDENCIES,REJECTED,REJECTED,true,true,0,false
483,MUT-0483,Commit,SOURCE,WARNING,REJECTED,true,true,0,false
484,MUT-0484,Environment,BUILD,REJECTED,REJECTED,true,true,0,false
485,MUT-0485,Filesystem,FILESYSTEM,REJECTED,REJECTED,true,true,0,false
486,MUT-0486,Network,NETWORK,REJECTED,REJECTED,true,true,0,false
487,MUT-0487,Process,PROCESS,REJECTED,REJECTED,true,true,0,false
488,MUT-0488,Timestamp,PROVENANCE,REJECTED,REJECTED,true,true,0,false
489,MUT-0489,Evidence Manifest,PROVENANCE,REJECTED,REJECTED,true,true,0,false
490,MUT-0490,Hash Chain,PROVENANCE,REJECTED,REJECTED,true,true,0,false
491,MUT-0491,Artifact,,TRUSTED,TRUSTED,false,false,0,true
492,MUT-0492,Hash,PROVENANCE,REJECTED,REJECTED,true,true,0,false
493,MUT-0493,Signature,SIGNATURE,REJECTED,REJECTED,true,true,0,false
494,MUT-0494,Provenance,PROVENANCE,REJECTED,REJECTED,true,true,0,false
495,MUT-0495,SBOM,SBOM,REJECTED,REJECTED,true,true,0,false
496,MUT-0496,Dependency,DEPENDENCIES,REJECTED,REJECTED,true,true,0,false
497,MUT-0497,Commit,SOURCE,WARNING,REJECTED,true,true,0,false
498,MUT-0498,Environment,BUILD,REJECTED,REJECTED,true,true,0,false
499,MUT-0499,Filesystem,FILESYSTEM,REJECTED,REJECTED,true,true,609,false
500,MUT-0500,Network,NETWORK,REJECTED,REJECTED,true,true,0,false
501,MUT-0501,Process,,TRUSTED,TRUSTED,false,false,0,true
502,MUT-0502,Timestamp,PROVENANCE,REJECTED,REJECTED,true,true,0,false
503,MUT-0503,Evidence Manifest,PROVENANCE,REJECTED,REJECTED,true,true,0,false
504,MUT-0504,Hash Chain,PROVENANCE,REJECTED,REJECTED,true,true,0,false
505,MUT-0505,Artifact,PROVENANCE,REJECTED,REJECTED,true,true,0,false
506,MUT-0506,Hash,PROVENANCE,REJECTED,REJECTED,true,true,0,false
507,MUT-0507,Signature,SIGNATURE,REJECTED,REJECTED,true,true,0,false
508,MUT-0508,Provenance,PROVENANCE,REJECTED,REJECTED,true,true,0,false
509,MUT-0509,SBOM,SBOM,REJECTED,REJECTED,true,true,0,false
510,MUT-0510,Dependency,DEPENDENCIES,REJECTED,REJECTED,true,true,0,false
511,MUT-0511,Commit,,TRUSTED,TRUSTED,false,false,0,true
512,MUT-0512,Environment,BUILD,REJECTED,REJECTED,true,true,0,false
513,MUT-0513,Filesystem,FILESYSTEM,REJECTED,REJECTED,true,true,0,false
514,MUT-0514,Network,NETWORK,REJECTED,REJECTED,true,true,0,false
515,MUT-0515,Process,PROCESS,REJECTED,REJECTED,true,true,0,false
516,MUT-0516,Timestamp,PROVENANCE,REJECTED,REJECTED,true,true,0,false
517,MUT-0517,Evidence Manifest,PROVENANCE,REJECTED,REJECTED,true,true,0,false
518,MUT-0518,Hash Chain,PROVENANCE,REJECTED,REJECTED,true,true,0,false
519,MUT-0519,Artifact,PROVENANCE,REJECTED,REJECTED,true,true,0,false
520,MUT-0520,Hash,PROVENANCE,REJECTED,REJECTED,true,true,0,false
521,MUT-0521,Signature,,TRUSTED,TRUSTED,false,false,0,true
522,MUT-0522,Provenance,PROVENANCE,REJECTED,REJECTED,true,true,0,false
523,MUT-0523,SBOM,SBOM,REJECTED,REJECTED,true,true,0,false
524,MUT-0524,Dependency,DEPENDENCIES,REJECTED,REJECTED,true,true,0,false
525,MUT-0525,Commit,SOURCE,WARNING,REJECTED,true,true,0,false
526,MUT-0526,Environment,BUILD,REJECTED,REJECTED,true,true,0,false
527,MUT-0527,Filesystem,FILESYSTEM,REJECTED,REJECTED,true,true,0,false
528,MUT-0528,Network,NETWORK,REJECTED,REJECTED,true,true,0,false
529,MUT-0529,Process,PROCESS,REJECTED,REJECTED,true,true,0,false
530,MUT-0530,Timestamp,PROVENANCE,REJECTED,REJECTED,true,true,0,false
531,MUT-0531,Evidence Manifest,,TRUSTED,TRUSTED,false,false,0,true
532,MUT-0532,Hash Chain,PROVENANCE,REJECTED,REJECTED,true,true,0,false
533,MUT-0533,Artifact,PROVENANCE,REJECTED,REJECTED,true,true,0,false
534,MUT-0534,Hash,PROVENANCE,REJECTED,REJECTED,true,true,0,false
535,MUT-0535,Signature,SIGNATURE,REJECTED,REJECTED,true,true,0,false
536,MUT-0536,Provenance,PROVENANCE,REJECTED,REJECTED,true,true,0,false
537,MUT-0537,SBOM,SBOM,REJECTED,REJECTED,true,true,0,false
538,MUT-0538,Dependency,DEPENDENCIES,REJECTED,REJECTED,true,true,0,false
539,MUT-0539,Commit,SOURCE,WARNING,REJECTED,true,true,0,false
540,MUT-0540,Environment,BUILD,REJECTED,REJECTED,true,true,0,false
541,MUT-0541,Filesystem,,TRUSTED,TRUSTED,false,false,0,true
542,MUT-0542,Network,NETWORK,REJECTED,REJECTED,true,true,0,false
543,MUT-0543,Process,PROCESS,REJECTED,REJECTED,true,true,0,false
544,MUT-0544,Timestamp,PROVENANCE,REJECTED,REJECTED,true,true,0,false
545,MUT-0545,Evidence Manifest,PROVENANCE,REJECTED,REJECTED,true,true,0,false
546,MUT-0546,Hash Chain,PROVENANCE,REJECTED,REJECTED,true,true,0,false
547,MUT-0547,Artifact,PROVENANCE,REJECTED,REJECTED,true,true,0,false
548,MUT-0548,Hash,PROVENANCE,REJECTED,REJECTED,true,true,0,false
549,MUT-0549,Signature,SIGNATURE,REJECTED,REJECTED,true,true,0,false
550,MUT-0550,Provenance,PROVENANCE,REJECTED,REJECTED,true,true,0,false
551,MUT-0551,SBOM,,TRUSTED,TRUSTED,false,false,0,true
552,MUT-0552,Dependency,DEPENDENCIES,REJECTED,REJECTED,true,true,0,false
553,MUT-0553,Commit,SOURCE,WARNING,REJECTED,true,true,0,false
554,MUT-0554,Environment,BUILD,REJECTED,REJECTED,true,true,0,false
555,MUT-0555,Filesystem,FILESYSTEM,REJECTED,REJECTED,true,true,0,false
556,MUT-0556,Network,NETWORK,REJECTED,REJECTED,true,true,0,false
557,MUT-0557,Process,PROCESS,REJECTED,REJECTED,true,true,0,false
558,MUT-0558,Timestamp,PROVENANCE,REJECTED,REJECTED,true,true,511,false
559,MUT-0559,Evidence Manifest,PROVENANCE,REJECTED,REJECTED,true,true,0,false
560,MUT-0560,Hash Chain,PROVENANCE,REJECTED,REJECTED,true,true,0,false
561,MUT-0561,Artifact,,TRUSTED,TRUSTED,false,false,0,true
562,MUT-0562,Hash,PROVENANCE,REJECTED,REJECTED,true,true,0,false
563,MUT-0563,Signature,SIGNATURE,REJECTED,REJECTED,true,true,0,false
564,MUT-0564,Provenance,PROVENANCE,REJECTED,REJECTED,true,true,0,false
565,MUT-0565,SBOM,SBOM,REJECTED,REJECTED,true,true,0,false
566,MUT-0566,Dependency,DEPENDENCIES,REJECTED,REJECTED,true,true,0,false
567,MUT-0567,Commit,SOURCE,WARNING,REJECTED,true,true,0,false
568,MUT-0568,Environment,BUILD,REJECTED,REJECTED,true,true,0,false
569,MUT-0569,Filesystem,FILESYSTEM,REJECTED,REJECTED,true,true,0,false
570,MUT-0570,Network,NETWORK,REJECTED,REJECTED,true,true,0,false
571,MUT-0571,Process,,TRUSTED,TRUSTED,false,false,0,true
572,MUT-0572,Timestamp,PROVENANCE,REJECTED,REJECTED,true,true,0,false
573,MUT-0573,Evidence Manifest,PROVENANCE,REJECTED,REJECTED,true,true,0,false
574,MUT-0574,Hash Chain,PROVENANCE,REJECTED,REJECTED,true,true,0,false
575,MUT-0575,Artifact,PROVENANCE,REJECTED,REJECTED,true,true,0,false
576,MUT-0576,Hash,PROVENANCE,REJECTED,REJECTED,true,true,0,false
577,MUT-0577,Signature,SIGNATURE,REJECTED,REJECTED,true,true,0,false
578,MUT-0578,Provenance,PROVENANCE,REJECTED,REJECTED,true,true,0,false
579,MUT-0579,SBOM,SBOM,REJECTED,REJECTED,true,true,0,false
580,MUT-0580,Dependency,DEPENDENCIES,REJECTED,REJECTED,true,true,0,false
581,MUT-0581,Commit,,TRUSTED,TRUSTED,false,false,0,true
582,MUT-0582,Environment,BUILD,REJECTED,REJECTED,true,true,0,false
583,MUT-0583,Filesystem,FILESYSTEM,REJECTED,REJECTED,true,true,0,false
584,MUT-0584,Network,NETWORK,REJECTED,REJECTED,true,true,0,false
585,MUT-0585,Process,PROCESS,REJECTED,REJECTED,true,true,0,false
586,MUT-0586,Timestamp,PROVENANCE,REJECTED,REJECTED,true,true,0,false
587,MUT-0587,Evidence Manifest,PROVENANCE,REJECTED,REJECTED,true,true,0,false
588,MUT-0588,Hash Chain,PROVENANCE,REJECTED,REJECTED,true,true,0,false
589,MUT-0589,Artifact,PROVENANCE,REJECTED,REJECTED,true,true,0,false
590,MUT-0590,Hash,PROVENANCE,REJECTED,REJECTED,true,true,0,false
591,MUT-0591,Signature,,TRUSTED,TRUSTED,false,false,0,true
592,MUT-0592,Provenance,PROVENANCE,REJECTED,REJECTED,true,true,0,false
593,MUT-0593,SBOM,SBOM,REJECTED,REJECTED,true,true,0,false
594,MUT-0594,Dependency,DEPENDENCIES,REJECTED,REJECTED,true,true,518,false
595,MUT-0595,Commit,SOURCE,WARNING,REJECTED,true,true,0,false
596,MUT-0596,Environment,BUILD,REJECTED,REJECTED,true,true,0,false
597,MUT-0597,Filesystem,FILESYSTEM,REJECTED,REJECTED,true,true,0,false
598,MUT-0598,Network,NETWORK,REJECTED,REJECTED,true,true,0,false
599,MUT-0599,Process,PROCESS,REJECTED,REJECTED,true,true,0,false
600,MUT-0600,Timestamp,PROVENANCE,REJECTED,REJECTED,true,true,0,false
601,MUT-0601,Evidence Manifest,,TRUSTED,TRUSTED,false,false,0,true
602,MUT-0602,Hash Chain,PROVENANCE,REJECTED,REJECTED,true,true,0,false
603,MUT-0603,Artifact,PROVENANCE,REJECTED,REJECTED,true,true,0,false
604,MUT-0604,Hash,PROVENANCE,REJECTED,REJECTED,true,true,0,false
605,MUT-0605,Signature,SIGNATURE,REJECTED,REJECTED,true,true,0,false
606,MUT-0606,Provenance,PROVENANCE,REJECTED,REJECTED,true,true,0,false
607,MUT-0607,SBOM,SBOM,REJECTED,REJECTED,true,true,516,false
608,MUT-0608,Dependency,DEPENDENCIES,REJECTED,REJECTED,true,true,0,false
609,MUT-0609,Commit,SOURCE,WARNING,REJECTED,true,true,0,false
610,MUT-0610,Environment,BUILD,REJECTED,REJECTED,true,true,0,false
611,MUT-0611,Filesystem,,TRUSTED,TRUSTED,false,false,0,true
612,MUT-0612,Network,NETWORK,REJECTED,REJECTED,true,true,0,false
613,MUT-0613,Process,PROCESS,REJECTED,REJECTED,true,true,0,false
614,MUT-0614,Timestamp,PROVENANCE,REJECTED,REJECTED,true,true,0,false
615,MUT-0615,Evidence Manifest,PROVENANCE,REJECTED,REJECTED,true,true,0,false
616,MUT-0616,Hash Chain,PROVENANCE,REJECTED,REJECTED,true,true,0,false
617,MUT-0617,Artifact,PROVENANCE,REJECTED,REJECTED,true,true,0,false
618,MUT-0618,Hash,PROVENANCE,REJECTED,REJECTED,true,true,0,false
619,MUT-0619,Signature,SIGNATURE,REJECTED,REJECTED,true,true,0,false
620,MUT-0620,Provenance,PROVENANCE,REJECTED,REJECTED,true,true,0,false
621,MUT-0621,SBOM,,TRUSTED,TRUSTED,false,false,0,true
622,MUT-0622,Dependency,DEPENDENCIES,REJECTED,REJECTED,true,true,0,false
623,MUT-0623,Commit,SOURCE,WARNING,REJECTED,true,true,0,false
624,MUT-0624,Environment,BUILD,REJECTED,REJECTED,true,true,0,false
625,MUT-0625,Filesystem,FILESYSTEM,REJECTED,REJECTED,true,true,0,false
626,MUT-0626,Network,NETWORK,REJECTED,REJECTED,true,true,0,false
627,MUT-0627,Process,PROCESS,REJECTED,REJECTED,true,true,0,false
628,MUT-0628,Timestamp,PROVENANCE,REJECTED,REJECTED,true,true,0,false
629,MUT-0629,Evidence Manifest,PROVENANCE,REJECTED,REJECTED,true,true,0,false
630,MUT-0630,Hash Chain,PROVENANCE,REJECTED,REJECTED,true,true,0,false
631,MUT-0631,Artifact,,TRUSTED,TRUSTED,false,false,0,true
632,MUT-0632,Hash,PROVENANCE,REJECTED,REJECTED,true,true,0,false
633,MUT-0633,Signature,SIGNATURE,REJECTED,REJECTED,true,true,0,false
634,MUT-0634,Provenance,PROVENANCE,REJECTED,REJECTED,true,true,0,false
635,MUT-0635,SBOM,SBOM,REJECTED,REJECTED,true,true,0,false
636,MUT-0636,Dependency,DEPENDENCIES,REJECTED,REJECTED,true,true,0,false
637,MUT-0637,Commit,SOURCE,WARNING,REJECTED,true,true,0,false
638,MUT-0638,Environment,BUILD,REJECTED,REJECTED,true,true,0,false
639,MUT-0639,Filesystem,FILESYSTEM,REJECTED,REJECTED,true,true,0,false
640,MUT-0640,Network,NETWORK,REJECTED,REJECTED,true,true,0,false
641,MUT-0641,Process,,TRUSTED,TRUSTED,false,false,0,true
642,MUT-0642,Timestamp,PROVENANCE,REJECTED,REJECTED,true,true,0,false
643,MUT-0643,Evidence Manifest,PROVENANCE,REJECTED,REJECTED,true,true,518,false
644,MUT-0644,Hash Chain,PROVENANCE,REJECTED,REJECTED,true,true,0,false
645,MUT-0645,Artifact,PROVENANCE,REJECTED,REJECTED,true,true,0,false
646,MUT-0646,Hash,PROVENANCE,REJECTED,REJECTED,true,true,0,false
647,MUT-0647,Signature,SIGNATURE,REJECTED,REJECTED,true,true,0,false
648,MUT-0648,Provenance,PROVENANCE,REJECTED,REJECTED,true,true,0,false
649,MUT-0649,SBOM,SBOM,REJECTED,REJECTED,true,true,0,false
650,MUT-0650,Dependency,DEPENDENCIES,REJECTED,REJECTED,true,true,0,false
651,MUT-0651,Commit,,TRUSTED,TRUSTED,false,false,0,true
652,MUT-0652,Environment,BUILD,REJECTED,REJECTED,true,true,0,false
653,MUT-0653,Filesystem,FILESYSTEM,REJECTED,REJECTED,true,true,0,false
654,MUT-0654,Network,NETWORK,REJECTED,REJECTED,true,true,0,false
655,MUT-0655,Process,PROCESS,REJECTED,REJECTED,true,true,0,false
656,MUT-0656,Timestamp,PROVENANCE,REJECTED,REJECTED,true,true,0,false
657,MUT-0657,Evidence Manifest,PROVENANCE,REJECTED,REJECTED,true,true,0,false
658,MUT-0658,Hash Chain,PROVENANCE,REJECTED,REJECTED,true,true,0,false
659,MUT-0659,Artifact,PROVENANCE,REJECTED,REJECTED,true,true,0,false
660,MUT-0660,Hash,PROVENANCE,REJECTED,REJECTED,true,true,0,false
661,MUT-0661,Signature,,TRUSTED,TRUSTED,false,false,0,true
662,MUT-0662,Provenance,PROVENANCE,REJECTED,REJECTED,true,true,0,false
663,MUT-0663,SBOM,SBOM,REJECTED,REJECTED,true,true,0,false
664,MUT-0664,Dependency,DEPENDENCIES,REJECTED,REJECTED,true,true,0,false
665,MUT-0665,Commit,SOURCE,WARNING,REJECTED,true,true,0,false
666,MUT-0666,Environment,BUILD,REJECTED,REJECTED,true,true,0,false
667,MUT-0667,Filesystem,FILESYSTEM,REJECTED,REJECTED,true,true,0,false
668,MUT-0668,Network,NETWORK,REJECTED,REJECTED,true,true,0,false
669,MUT-0669,Process,PROCESS,REJECTED,REJECTED,true,true,0,false
670,MUT-0670,Timestamp,PROVENANCE,REJECTED,REJECTED,true,true,0,false
671,MUT-0671,Evidence Manifest,,TRUSTED,TRUSTED,false,false,0,true
672,MUT-0672,Hash Chain,PROVENANCE,REJECTED,REJECTED,true,true,0,false
673,MUT-0673,Artifact,PROVENANCE,REJECTED,REJECTED,true,true,0,false
674,MUT-0674,Hash,PROVENANCE,REJECTED,REJECTED,true,true,0,false
675,MUT-0675,Signature,SIGNATURE,REJECTED,REJECTED,true,true,0,false
676,MUT-0676,Provenance,PROVENANCE,REJECTED,REJECTED,true,true,0,false
677,MUT-0677,SBOM,SBOM,REJECTED,REJECTED,true,true,0,false
678,MUT-0678,Dependency,DEPENDENCIES,REJECTED,REJECTED,true,true,0,false
679,MUT-0679,Commit,SOURCE,WARNING,REJECTED,true,true,0,false
680,MUT-0680,Environment,BUILD,REJECTED,REJECTED,true,true,0,false
681,MUT-0681,Filesystem,,TRUSTED,TRUSTED,false,false,0,true
682,MUT-0682,Network,NETWORK,REJECTED,REJECTED,true,true,517,false
683,MUT-0683,Process,PROCESS,REJECTED,REJECTED,true,true,0,false
684,MUT-0684,Timestamp,PROVENANCE,REJECTED,REJECTED,true,true,0,false
685,MUT-0685,Evidence Manifest,PROVENANCE,REJECTED,REJECTED,true,true,0,false
686,MUT-0686,Hash Chain,PROVENANCE,REJECTED,REJECTED,true,true,0,false
687,MUT-0687,Artifact,PROVENANCE,REJECTED,REJECTED,true,true,0,false
688,MUT-0688,Hash,PROVENANCE,REJECTED,REJECTED,true,true,0,false
689,MUT-0689,Signature,SIGNATURE,REJECTED,REJECTED,true,true,0,false
690,MUT-0690,Provenance,PROVENANCE,REJECTED,REJECTED,true,true,0,false
691,MUT-0691,SBOM,,TRUSTED,TRUSTED,false,false,0,true
692,MUT-0692,Dependency,DEPENDENCIES,REJECTED,REJECTED,true,true,0,false
693,MUT-0693,Commit,SOURCE,WARNING,REJECTED,true,true,0,false
694,MUT-0694,Environment,BUILD,REJECTED,REJECTED,true,true,0,false
695,MUT-0695,Filesystem,FILESYSTEM,REJECTED,REJECTED,true,true,0,false
696,MUT-0696,Network,NETWORK,REJECTED,REJECTED,true,true,0,false
697,MUT-0697,Process,PROCESS,REJECTED,REJECTED,true,true,0,false
698,MUT-0698,Timestamp,PROVENANCE,REJECTED,REJECTED,true,true,0,false
699,MUT-0699,Evidence Manifest,PROVENANCE,REJECTED,REJECTED,true,true,0,false
700,MUT-0700,Hash Chain,PROVENANCE,REJECTED,REJECTED,true,true,0,false
701,MUT-0701,Artifact,,TRUSTED,TRUSTED,false,false,0,true
702,MUT-0702,Hash,PROVENANCE,REJECTED,REJECTED,true,true,0,false
703,MUT-0703,Signature,SIGNATURE,REJECTED,REJECTED,true,true,0,false
704,MUT-0704,Provenance,PROVENANCE,REJECTED,REJECTED,true,true,0,false
705,MUT-0705,SBOM,SBOM,REJECTED,REJECTED,true,true,0,false
706,MUT-0706,Dependency,DEPENDENCIES,REJECTED,REJECTED,true,true,0,false
707,MUT-0707,Commit,SOURCE,WARNING,REJECTED,true,true,0,false
708,MUT-0708,Environment,BUILD,REJECTED,REJECTED,true,true,0,false
709,MUT-0709,Filesystem,FILESYSTEM,REJECTED,REJECTED,true,true,0,false
710,MUT-0710,Network,NETWORK,REJECTED,REJECTED,true,true,0,false
711,MUT-0711,Process,,TRUSTED,TRUSTED,false,false,0,true
712,MUT-0712,Timestamp,PROVENANCE,REJECTED,REJECTED,true,true,0,false
713,MUT-0713,Evidence Manifest,PROVENANCE,REJECTED,REJECTED,true,true,0,false
714,MUT-0714,Hash Chain,PROVENANCE,REJECTED,REJECTED,true,true,0,false
715,MUT-0715,Artifact,PROVENANCE,REJECTED,REJECTED,true,true,0,false
716,MUT-0716,Hash,PROVENANCE,REJECTED,REJECTED,true,true,0,false
717,MUT-0717,Signature,SIGNATURE,REJECTED,REJECTED,true,true,0,false
718,MUT-0718,Provenance,PROVENANCE,REJECTED,REJECTED,true,true,0,false
719,MUT-0719,SBOM,SBOM,REJECTED,REJECTED,true,true,0,false
720,MUT-0720,Dependency,DEPENDENCIES,REJECTED,REJECTED,true,true,0,false
721,MUT-0721,Commit,,TRUSTED,TRUSTED,false,false,0,true
722,MUT-0722,Environment,BUILD,REJECTED,REJECTED,true,true,0,false
723,MUT-0723,Filesystem,FILESYSTEM,REJECTED,REJECTED,true,true,0,false
724,MUT-0724,Network,NETWORK,REJECTED,REJECTED,true,true,512,false
725,MUT-0725,Process,PROCESS,REJECTED,REJECTED,true,true,0,false
726,MUT-0726,Timestamp,PROVENANCE,REJECTED,REJECTED,true,true,0,false
727,MUT-0727,Evidence Manifest,PROVENANCE,REJECTED,REJECTED,true,true,0,false
728,MUT-0728,Hash Chain,PROVENANCE,REJECTED,REJECTED,true,true,0,false
729,MUT-0729,Artifact,PROVENANCE,REJECTED,REJECTED,true,true,0,false
730,MUT-0730,Hash,PROVENANCE,REJECTED,REJECTED,true,true,0,false
731,MUT-0731,Signature,,TRUSTED,TRUSTED,false,false,0,true
732,MUT-0732,Provenance,PROVENANCE,REJECTED,REJECTED,true,true,0,false
733,MUT-0733,SBOM,SBOM,REJECTED,REJECTED,true,true,0,false
734,MUT-0734,Dependency,DEPENDENCIES,REJECTED,REJECTED,true,true,0,false
735,MUT-0735,Commit,SOURCE,WARNING,REJECTED,true,true,0,false
736,MUT-0736,Environment,BUILD,REJECTED,REJECTED,true,true,0,false
737,MUT-0737,Filesystem,FILESYSTEM,REJECTED,REJECTED,true,true,0,false
738,MUT-0738,Network,NETWORK,REJECTED,REJECTED,true,true,0,false
739,MUT-0739,Process,PROCESS,REJECTED,REJECTED,true,true,0,false
740,MUT-0740,Timestamp,PROVENANCE,REJECTED,REJECTED,true,true,0,false
741,MUT-0741,Evidence Manifest,,TRUSTED,TRUSTED,false,false,0,true
742,MUT-0742,Hash Chain,PROVENANCE,REJECTED,REJECTED,true,true,0,false
743,MUT-0743,Artifact,PROVENANCE,REJECTED,REJECTED,true,true,0,false
744,MUT-0744,Hash,PROVENANCE,REJECTED,REJECTED,true,true,0,false
745,MUT-0745,Signature,SIGNATURE,REJECTED,REJECTED,true,true,0,false
746,MUT-0746,Provenance,PROVENANCE,REJECTED,REJECTED,true,true,0,false
747,MUT-0747,SBOM,SBOM,REJECTED,REJECTED,true,true,0,false
748,MUT-0748,Dependency,DEPENDENCIES,REJECTED,REJECTED,true,true,0,false
749,MUT-0749,Commit,SOURCE,WARNING,REJECTED,true,true,0,false
750,MUT-0750,Environment,BUILD,REJECTED,REJECTED,true,true,0,false
751,MUT-0751,Filesystem,,TRUSTED,TRUSTED,false,false,0,true
752,MUT-0752,Network,NETWORK,REJECTED,REJECTED,true,true,0,false
753,MUT-0753,Process,PROCESS,REJECTED,REJECTED,true,true,0,false
754,MUT-0754,Timestamp,PROVENANCE,REJECTED,REJECTED,true,true,0,false
755,MUT-0755,Evidence Manifest,PROVENANCE,REJECTED,REJECTED,true,true,0,false
756,MUT-0756,Hash Chain,PROVENANCE,REJECTED,REJECTED,true,true,0,false
757,MUT-0757,Artifact,PROVENANCE,REJECTED,REJECTED,true,true,0,false
758,MUT-0758,Hash,PROVENANCE,REJECTED,REJECTED,true,true,0,false
759,MUT-0759,Signature,SIGNATURE,REJECTED,REJECTED,true,true,0,false
760,MUT-0760,Provenance,PROVENANCE,REJECTED,REJECTED,true,true,0,false
761,MUT-0761,SBOM,,TRUSTED,TRUSTED,false,false,0,true
762,MUT-0762,Dependency,DEPENDENCIES,REJECTED,REJECTED,true,true,0,false
763,MUT-0763,Commit,SOURCE,WARNING,REJECTED,true,true,0,false
764,MUT-0764,Environment,BUILD,REJECTED,REJECTED,true,true,0,false
765,MUT-0765,Filesystem,FILESYSTEM,REJECTED,REJECTED,true,true,0,false
766,MUT-0766,Network,NETWORK,REJECTED,REJECTED,true,true,0,false
767,MUT-0767,Process,PROCESS,REJECTED,REJECTED,true,true,0,false
768,MUT-0768,Timestamp,PROVENANCE,REJECTED,REJECTED,true,true,0,false
769,MUT-0769,Evidence Manifest,PROVENANCE,REJECTED,REJECTED,true,true,521,false
770,MUT-0770,Hash Chain,PROVENANCE,REJECTED,REJECTED,true,true,0,false
771,MUT-0771,Artifact,,TRUSTED,TRUSTED,false,false,0,true
772,MUT-0772,Hash,PROVENANCE,REJECTED,REJECTED,true,true,0,false
773,MUT-0773,Signature,SIGNATURE,REJECTED,REJECTED,true,true,0,false
774,MUT-0774,Provenance,PROVENANCE,REJECTED,REJECTED,true,true,0,false
775,MUT-0775,SBOM,SBOM,REJECTED,REJECTED,true,true,0,false
776,MUT-0776,Dependency,DEPENDENCIES,REJECTED,REJECTED,true,true,0,false
777,MUT-0777,Commit,SOURCE,WARNING,REJECTED,true,true,0,false
778,MUT-0778,Environment,BUILD,REJECTED,REJECTED,true,true,0,false
779,MUT-0779,Filesystem,FILESYSTEM,REJECTED,REJECTED,true,true,0,false
780,MUT-0780,Network,NETWORK,REJECTED,REJECTED,true,true,0,false
781,MUT-0781,Process,,TRUSTED,TRUSTED,false,false,0,true
782,MUT-0782,Timestamp,PROVENANCE,REJECTED,REJECTED,true,true,0,false
783,MUT-0783,Evidence Manifest,PROVENANCE,REJECTED,REJECTED,true,true,0,false
784,MUT-0784,Hash Chain,PROVENANCE,REJECTED,REJECTED,true,true,0,false
785,MUT-0785,Artifact,PROVENANCE,REJECTED,REJECTED,true,true,0,false
786,MUT-0786,Hash,PROVENANCE,REJECTED,REJECTED,true,true,0,false
787,MUT-0787,Signature,SIGNATURE,REJECTED,REJECTED,true,true,0,false
788,MUT-0788,Provenance,PROVENANCE,REJECTED,REJECTED,true,true,0,false
789,MUT-0789,SBOM,SBOM,REJECTED,REJECTED,true,true,0,false
790,MUT-0790,Dependency,DEPENDENCIES,REJECTED,REJECTED,true,true,0,false
791,MUT-0791,Commit,,TRUSTED,TRUSTED,false,false,0,true
792,MUT-0792,Environment,BUILD,REJECTED,REJECTED,true,true,0,false
793,MUT-0793,Filesystem,FILESYSTEM,REJECTED,REJECTED,true,true,0,false
794,MUT-0794,Network,NETWORK,REJECTED,REJECTED,true,true,0,false
795,MUT-0795,Process,PROCESS,REJECTED,REJECTED,true,true,0,false
796,MUT-0796,Timestamp,PROVENANCE,REJECTED,REJECTED,true,true,0,false
797,MUT-0797,Evidence Manifest,PROVENANCE,REJECTED,REJECTED,true,true,0,false
798,MUT-0798,Hash Chain,PROVENANCE,REJECTED,REJECTED,true,true,0,false
799,MUT-0799,Artifact,PROVENANCE,REJECTED,REJECTED,true,true,0,false
800,MUT-0800,Hash,PROVENANCE,REJECTED,REJECTED,true,true,0,false
801,MUT-0801,Signature,,TRUSTED,TRUSTED,false,false,0,true
802,MUT-0802,Provenance,PROVENANCE,REJECTED,REJECTED,true,true,0,false
803,MUT-0803,SBOM,SBOM,REJECTED,REJECTED,true,true,0,false
804,MUT-0804,Dependency,DEPENDENCIES,REJECTED,REJECTED,true,true,0,false
805,MUT-0805,Commit,SOURCE,WARNING,REJECTED,true,true,0,false
806,MUT-0806,Environment,BUILD,REJECTED,REJECTED,true,true,0,false
807,MUT-0807,Filesystem,FILESYSTEM,REJECTED,REJECTED,true,true,0,false
808,MUT-0808,Network,NETWORK,REJECTED,REJECTED,true,true,0,false
809,MUT-0809,Process,PROCESS,REJECTED,REJECTED,true,true,0,false
810,MUT-0810,Timestamp,PROVENANCE,REJECTED,REJECTED,true,true,0,false
811,MUT-0811,Evidence Manifest,,TRUSTED,TRUSTED,false,false,0,true
812,MUT-0812,Hash Chain,PROVENANCE,REJECTED,REJECTED,true,true,0,false
813,MUT-0813,Artifact,PROVENANCE,REJECTED,REJECTED,true,true,520,false
814,MUT-0814,Hash,PROVENANCE,REJECTED,REJECTED,true,true,0,false
815,MUT-0815,Signature,SIGNATURE,REJECTED,REJECTED,true,true,0,false
816,MUT-0816,Provenance,PROVENANCE,REJECTED,REJECTED,true,true,0,false
817,MUT-0817,SBOM,SBOM,REJECTED,REJECTED,true,true,0,false
818,MUT-0818,Dependency,DEPENDENCIES,REJECTED,REJECTED,true,true,0,false
819,MUT-0819,Commit,SOURCE,WARNING,REJECTED,true,true,0,false
820,MUT-0820,Environment,BUILD,REJECTED,REJECTED,true,true,0,false
821,MUT-0821,Filesystem,,TRUSTED,TRUSTED,false,false,0,true
822,MUT-0822,Network,NETWORK,REJECTED,REJECTED,true,true,0,false
823,MUT-0823,Process,PROCESS,REJECTED,REJECTED,true,true,0,false
824,MUT-0824,Timestamp,PROVENANCE,REJECTED,REJECTED,true,true,0,false
825,MUT-0825,Evidence Manifest,PROVENANCE,REJECTED,REJECTED,true,true,0,false
826,MUT-0826,Hash Chain,PROVENANCE,REJECTED,REJECTED,true,true,0,false
827,MUT-0827,Artifact,PROVENANCE,REJECTED,REJECTED,true,true,0,false
828,MUT-0828,Hash,PROVENANCE,REJECTED,REJECTED,true,true,0,false
829,MUT-0829,Signature,SIGNATURE,REJECTED,REJECTED,true,true,0,false
830,MUT-0830,Provenance,PROVENANCE,REJECTED,REJECTED,true,true,0,false
831,MUT-0831,SBOM,,TRUSTED,TRUSTED,false,false,0,true
832,MUT-0832,Dependency,DEPENDENCIES,REJECTED,REJECTED,true,true,0,false
833,MUT-0833,Commit,SOURCE,WARNING,REJECTED,true,true,0,false
834,MUT-0834,Environment,BUILD,REJECTED,REJECTED,true,true,0,false
835,MUT-0835,Filesystem,FILESYSTEM,REJECTED,REJECTED,true,true,0,false
836,MUT-0836,Network,NETWORK,REJECTED,REJECTED,true,true,0,false
837,MUT-0837,Process,PROCESS,REJECTED,REJECTED,true,true,0,false
838,MUT-0838,Timestamp,PROVENANCE,REJECTED,REJECTED,true,true,0,false
839,MUT-0839,Evidence Manifest,PROVENANCE,REJECTED,REJECTED,true,true,0,false
840,MUT-0840,Hash Chain,PROVENANCE,REJECTED,REJECTED,true,true,0,false
841,MUT-0841,Artifact,,TRUSTED,TRUSTED,false,false,0,true
842,MUT-0842,Hash,PROVENANCE,REJECTED,REJECTED,true,true,0,false
843,MUT-0843,Signature,SIGNATURE,REJECTED,REJECTED,true,true,0,false
844,MUT-0844,Provenance,PROVENANCE,REJECTED,REJECTED,true,true,0,false
845,MUT-0845,SBOM,SBOM,REJECTED,REJECTED,true,true,0,false
846,MUT-0846,Dependency,DEPENDENCIES,REJECTED,REJECTED,true,true,0,false
847,MUT-0847,Commit,SOURCE,WARNING,REJECTED,true,true,0,false
848,MUT-0848,Environment,BUILD,REJECTED,REJECTED,true,true,0,false
849,MUT-0849,Filesystem,FILESYSTEM,REJECTED,REJECTED,true,true,0,false
850,MUT-0850,Network,NETWORK,REJECTED,REJECTED,true,true,0,false
851,MUT-0851,Process,,TRUSTED,TRUSTED,false,false,0,true
852,MUT-0852,Timestamp,PROVENANCE,REJECTED,REJECTED,true,true,0,false
853,MUT-0853,Evidence Manifest,PROVENANCE,REJECTED,REJECTED,true,true,0,false
854,MUT-0854,Hash Chain,PROVENANCE,REJECTED,REJECTED,true,true,0,false
855,MUT-0855,Artifact,PROVENANCE,REJECTED,REJECTED,true,true,0,false
856,MUT-0856,Hash,PROVENANCE,REJECTED,REJECTED,true,true,0,false
857,MUT-0857,Signature,SIGNATURE,REJECTED,REJECTED,true,true,0,false
858,MUT-0858,Provenance,PROVENANCE,REJECTED,REJECTED,true,true,522,false
859,MUT-0859,SBOM,SBOM,REJECTED,REJECTED,true,true,0,false
860,MUT-0860,Dependency,DEPENDENCIES,REJECTED,REJECTED,true,true,0,false
861,MUT-0861,Commit,,TRUSTED,TRUSTED,false,false,0,true
862,MUT-0862,Environment,BUILD,REJECTED,REJECTED,true,true,0,false
863,MUT-0863,Filesystem,FILESYSTEM,REJECTED,REJECTED,true,true,0,false
864,MUT-0864,Network,NETWORK,REJECTED,REJECTED,true,true,0,false
865,MUT-0865,Process,PROCESS,REJECTED,REJECTED,true,true,0,false
866,MUT-0866,Timestamp,PROVENANCE,REJECTED,REJECTED,true,true,0,false
867,MUT-0867,Evidence Manifest,PROVENANCE,REJECTED,REJECTED,true,true,0,false
868,MUT-0868,Hash Chain,PROVENANCE,REJECTED,REJECTED,true,true,0,false
869,MUT-0869,Artifact,PROVENANCE,REJECTED,REJECTED,true,true,0,false
870,MUT-0870,Hash,PROVENANCE,REJECTED,REJECTED,true,true,0,false
871,MUT-0871,Signature,,TRUSTED,TRUSTED,false,false,0,true
872,MUT-0872,Provenance,PROVENANCE,REJECTED,REJECTED,true,true,0,false
873,MUT-0873,SBOM,SBOM,REJECTED,REJECTED,true,true,0,false
874,MUT-0874,Dependency,DEPENDENCIES,REJECTED,REJECTED,true,true,0,false
875,MUT-0875,Commit,SOURCE,WARNING,REJECTED,true,true,0,false
876,MUT-0876,Environment,BUILD,REJECTED,REJECTED,true,true,0,false
877,MUT-0877,Filesystem,FILESYSTEM,REJECTED,REJECTED,true,true,0,false
878,MUT-0878,Network,NETWORK,REJECTED,REJECTED,true,true,0,false
879,MUT-0879,Process,PROCESS,REJECTED,REJECTED,true,true,0,false
880,MUT-0880,Timestamp,PROVENANCE,REJECTED,REJECTED,true,true,0,false
881,MUT-0881,Evidence Manifest,,TRUSTED,TRUSTED,false,false,0,true
882,MUT-0882,Hash Chain,PROVENANCE,REJECTED,REJECTED,true,true,0,false
883,MUT-0883,Artifact,PROVENANCE,REJECTED,REJECTED,true,true,0,false
884,MUT-0884,Hash,PROVENANCE,REJECTED,REJECTED,true,true,0,false
885,MUT-0885,Signature,SIGNATURE,REJECTED,REJECTED,true,true,0,false
886,MUT-0886,Provenance,PROVENANCE,REJECTED,REJECTED,true,true,0,false
887,MUT-0887,SBOM,SBOM,REJECTED,REJECTED,true,true,0,false
888,MUT-0888,Dependency,DEPENDENCIES,REJECTED,REJECTED,true,true,0,false
889,MUT-0889,Commit,SOURCE,WARNING,REJECTED,true,true,0,false
890,MUT-0890,Environment,BUILD,REJECTED,REJECTED,true,true,0,false
891,MUT-0891,Filesystem,,TRUSTED,TRUSTED,false,false,0,true
892,MUT-0892,Network,NETWORK,REJECTED,REJECTED,true,true,0,false
893,MUT-0893,Process,PROCESS,REJECTED,REJECTED,true,true,0,false
894,MUT-0894,Timestamp,PROVENANCE,REJECTED,REJECTED,true,true,0,false
895,MUT-0895,Evidence Manifest,PROVENANCE,REJECTED,REJECTED,true,true,0,false
896,MUT-0896,Hash Chain,PROVENANCE,REJECTED,REJECTED,true,true,0,false
897,MUT-0897,Artifact,PROVENANCE,REJECTED,REJECTED,true,true,0,false
898,MUT-0898,Hash,PROVENANCE,REJECTED,REJECTED,true,true,518,false
899,MUT-0899,Signature,SIGNATURE,REJECTED,REJECTED,true,true,0,false
900,MUT-0900,Provenance,PROVENANCE,REJECTED,REJECTED,true,true,0,false
901,MUT-0901,SBOM,,TRUSTED,TRUSTED,false,false,0,true
902,MUT-0902,Dependency,DEPENDENCIES,REJECTED,REJECTED,true,true,0,false
903,MUT-0903,Commit,SOURCE,WARNING,REJECTED,true,true,0,false
904,MUT-0904,Environment,BUILD,REJECTED,REJECTED,true,true,0,false
905,MUT-0905,Filesystem,FILESYSTEM,REJECTED,REJECTED,true,true,0,false
906,MUT-0906,Network,NETWORK,REJECTED,REJECTED,true,true,0,false
907,MUT-0907,Process,PROCESS,REJECTED,REJECTED,true,true,0,false
908,MUT-0908,Timestamp,PROVENANCE,REJECTED,REJECTED,true,true,0,false
909,MUT-0909,Evidence Manifest,PROVENANCE,REJECTED,REJECTED,true,true,0,false
910,MUT-0910,Hash Chain,PROVENANCE,REJECTED,REJECTED,true,true,0,false
911,MUT-0911,Artifact,,TRUSTED,TRUSTED,false,false,0,true
912,MUT-0912,Hash,PROVENANCE,REJECTED,REJECTED,true,true,0,false
913,MUT-0913,Signature,SIGNATURE,REJECTED,REJECTED,true,true,0,false
914,MUT-0914,Provenance,PROVENANCE,REJECTED,REJECTED,true,true,0,false
915,MUT-0915,SBOM,SBOM,REJECTED,REJECTED,true,true,0,false
916,MUT-0916,Dependency,DEPENDENCIES,REJECTED,REJECTED,true,true,0,false
917,MUT-0917,Commit,SOURCE,WARNING,REJECTED,true,true,0,false
918,MUT-0918,Environment,BUILD,REJECTED,REJECTED,true,true,0,false
919,MUT-0919,Filesystem,FILESYSTEM,REJECTED,REJECTED,true,true,0,false
920,MUT-0920,Network,NETWORK,REJECTED,REJECTED,true,true,0,false
921,MUT-0921,Process,,TRUSTED,TRUSTED,false,false,0,true
922,MUT-0922,Timestamp,PROVENANCE,REJECTED,REJECTED,true,true,0,false
923,MUT-0923,Evidence Manifest,PROVENANCE,REJECTED,REJECTED,true,true,0,false
924,MUT-0924,Hash Chain,PROVENANCE,REJECTED,REJECTED,true,true,0,false
925,MUT-0925,Artifact,PROVENANCE,REJECTED,REJECTED,true,true,0,false
926,MUT-0926,Hash,PROVENANCE,REJECTED,REJECTED,true,true,0,false
927,MUT-0927,Signature,SIGNATURE,REJECTED,REJECTED,true,true,0,false
928,MUT-0928,Provenance,PROVENANCE,REJECTED,REJECTED,true,true,0,false
929,MUT-0929,SBOM,SBOM,REJECTED,REJECTED,true,true,528,false
930,MUT-0930,Dependency,DEPENDENCIES,REJECTED,REJECTED,true,true,0,false
931,MUT-0931,Commit,,TRUSTED,TRUSTED,false,false,0,true
932,MUT-0932,Environment,BUILD,REJECTED,REJECTED,true,true,0,false
933,MUT-0933,Filesystem,FILESYSTEM,REJECTED,REJECTED,true,true,0,false
934,MUT-0934,Network,NETWORK,REJECTED,REJECTED,true,true,0,false
935,MUT-0935,Process,PROCESS,REJECTED,REJECTED,true,true,0,false
936,MUT-0936,Timestamp,PROVENANCE,REJECTED,REJECTED,true,true,0,false
937,MUT-0937,Evidence Manifest,PROVENANCE,REJECTED,REJECTED,true,true,0,false
938,MUT-0938,Hash Chain,PROVENANCE,REJECTED,REJECTED,true,true,0,false
939,MUT-0939,Artifact,PROVENANCE,REJECTED,REJECTED,true,true,0,false
940,MUT-0940,Hash,PROVENANCE,REJECTED,REJECTED,true,true,0,false
941,MUT-0941,Signature,,TRUSTED,TRUSTED,false,false,0,true
942,MUT-0942,Provenance,PROVENANCE,REJECTED,REJECTED,true,true,0,false
943,MUT-0943,SBOM,SBOM,REJECTED,REJECTED,true,true,0,false
944,MUT-0944,Dependency,DEPENDENCIES,REJECTED,REJECTED,true,true,0,false
945,MUT-0945,Commit,SOURCE,WARNING,REJECTED,true,true,0,false
946,MUT-0946,Environment,BUILD,REJECTED,REJECTED,true,true,0,false
947,MUT-0947,Filesystem,FILESYSTEM,REJECTED,REJECTED,true,true,0,false
948,MUT-0948,Network,NETWORK,REJECTED,REJECTED,true,true,0,false
949,MUT-0949,Process,PROCESS,REJECTED,REJECTED,true,true,0,false
950,MUT-0950,Timestamp,PROVENANCE,REJECTED,REJECTED,true,true,0,false
951,MUT-0951,Evidence Manifest,,TRUSTED,TRUSTED,false,false,0,true
952,MUT-0952,Hash Chain,PROVENANCE,REJECTED,REJECTED,true,true,0,false
953,MUT-0953,Artifact,PROVENANCE,REJECTED,REJECTED,true,true,0,false
954,MUT-0954,Hash,PROVENANCE,REJECTED,REJECTED,true,true,0,false
955,MUT-0955,Signature,SIGNATURE,REJECTED,REJECTED,true,true,0,false
956,MUT-0956,Provenance,PROVENANCE,REJECTED,REJECTED,true,true,0,false
957,MUT-0957,SBOM,SBOM,REJECTED,REJECTED,true,true,0,false
958,MUT-0958,Dependency,DEPENDENCIES,REJECTED,REJECTED,true,true,0,false
959,MUT-0959,Commit,SOURCE,WARNING,REJECTED,true,true,0,false
960,MUT-0960,Environment,BUILD,REJECTED,REJECTED,true,true,0,false
961,MUT-0961,Filesystem,,TRUSTED,TRUSTED,false,false,0,true
962,MUT-0962,Network,NETWORK,REJECTED,REJECTED,true,true,0,false
963,MUT-0963,Process,PROCESS,REJECTED,REJECTED,true,true,0,false
964,MUT-0964,Timestamp,PROVENANCE,REJECTED,REJECTED,true,true,0,false
965,MUT-0965,Evidence Manifest,PROVENANCE,REJECTED,REJECTED,true,true,0,false
966,MUT-0966,Hash Chain,PROVENANCE,REJECTED,REJECTED,true,true,0,false
967,MUT-0967,Artifact,PROVENANCE,REJECTED,REJECTED,true,true,0,false
968,MUT-0968,Hash,PROVENANCE,REJECTED,REJECTED,true,true,0,false
969,MUT-0969,Signature,SIGNATURE,REJECTED,REJECTED,true,true,0,false
970,MUT-0970,Provenance,PROVENANCE,REJECTED,REJECTED,true,true,0,false
971,MUT-0971,SBOM,,TRUSTED,TRUSTED,false,false,0,true
972,MUT-0972,Dependency,DEPENDENCIES,REJECTED,REJECTED,true,true,0,false
973,MUT-0973,Commit,SOURCE,WARNING,REJECTED,true,true,0,false
974,MUT-0974,Environment,BUILD,REJECTED,REJECTED,true,true,0,false
975,MUT-0975,Filesystem,FILESYSTEM,REJECTED,REJECTED,true,true,0,false
976,MUT-0976,Network,NETWORK,REJECTED,REJECTED,true,true,0,false
977,MUT-0977,Process,PROCESS,REJECTED,REJECTED,true,true,0,false
978,MUT-0978,Timestamp,PROVENANCE,REJECTED,REJECTED,true,true,0,false
979,MUT-0979,Evidence Manifest,PROVENANCE,REJECTED,REJECTED,true,true,0,false
980,MUT-0980,Hash Chain,PROVENANCE,REJECTED,REJECTED,true,true,0,false
981,MUT-0981,Artifact,,TRUSTED,TRUSTED,false,false,0,true
982,MUT-0982,Hash,PROVENANCE,REJECTED,REJECTED,true,true,0,false
983,MUT-0983,Signature,SIGNATURE,REJECTED,REJECTED,true,true,0,false
984,MUT-0984,Provenance,PROVENANCE,REJECTED,REJECTED,true,true,0,false
985,MUT-0985,SBOM,SBOM,REJECTED,REJECTED,true,true,0,false
986,MUT-0986,Dependency,DEPENDENCIES,REJECTED,REJECTED,true,true,0,false
987,MUT-0987,Commit,SOURCE,WARNING,REJECTED,true,true,516,false
988,MUT-0988,Environment,BUILD,REJECTED,REJECTED,true,true,0,false
989,MUT-0989,Filesystem,FILESYSTEM,REJECTED,REJECTED,true,true,0,false
990,MUT-0990,Network,NETWORK,REJECTED,REJECTED,true,true,0,false
991,MUT-0991,Process,,TRUSTED,TRUSTED,false,false,0,true
992,MUT-0992,Timestamp,PROVENANCE,REJECTED,REJECTED,true,true,0,false
993,MUT-0993,Evidence Manifest,PROVENANCE,REJECTED,REJECTED,true,true,0,false
994,MUT-0994,Hash Chain,PROVENANCE,REJECTED,REJECTED,true,true,0,false
995,MUT-0995,Artifact,PROVENANCE,REJECTED,REJECTED,true,true,0,false
996,MUT-0996,Hash,PROVENANCE,REJECTED,REJECTED,true,true,0,false
997,MUT-0997,Signature,SIGNATURE,REJECTED,REJECTED,true,true,0,false
998,MUT-0998,Provenance,PROVENANCE,REJECTED,REJECTED,true,true,0,false
999,MUT-0999,SBOM,SBOM,REJECTED,REJECTED,true,true,0,false
1000,MUT-1000,Dependency,DEPENDENCIES,REJECTED,REJECTED,true,true,0,false
